"benchmark_query_id","canonical_query_id","query_variant","query_text","rank","asset_id","shot_id","semantic_score","start_ms","end_ms","relevant"
"GQ001_SHORT_ZH","GQ001","SHORT_ZH","牛吃料","1","v2_asset_022","shot_4610429e-fc4f-5dd7-aa1d-beb9fb0360ef","0.160574570298195","0","1583","0"
"GQ001_SHORT_ZH","GQ001","SHORT_ZH","牛吃料","2","v2_asset_023","shot_ee608a87-6db0-508f-82ad-e98dc842b61c","0.159174278378487","0","1417","0"
"GQ001_SHORT_ZH","GQ001","SHORT_ZH","牛吃料","3","v2_asset_005","shot_765f488e-e0d4-500c-8de1-c61a7b26bb54","0.152857840061188","0","4458","0"
"GQ001_SHORT_ZH","GQ001","SHORT_ZH","牛吃料","4","v2_asset_003","shot_93c15c0d-5940-5da6-855c-211a5dfbd990","0.152122855186462","0","667","0"
"GQ001_SHORT_ZH","GQ001","SHORT_ZH","牛吃料","5","v2_asset_004","shot_5ccb8d2e-5d7a-5667-8401-ba316562a4f4","0.139185965061188","0","4458","0"
"GQ001_VISUAL_ZH","GQ001","VISUAL_ZH","牛在料槽或饲料筐前采食饲料","1","v2_asset_040","shot_167c5d2a-7e08-5291-91ad-a4a19c3af5d5","0.150004833936691","0","5167","1"
"GQ001_VISUAL_ZH","GQ001","VISUAL_ZH","牛在料槽或饲料筐前采食饲料","2","v2_asset_053","shot_e81ef9f9-f49f-5413-a9a0-a56704b27832","0.141600996255875","0","4042","0"
"GQ001_VISUAL_ZH","GQ001","VISUAL_ZH","牛在料槽或饲料筐前采食饲料","3","v2_asset_005","shot_765f488e-e0d4-500c-8de1-c61a7b26bb54","0.140002757310867","0","4458","0"
"GQ001_VISUAL_ZH","GQ001","VISUAL_ZH","牛在料槽或饲料筐前采食饲料","4","v2_asset_035","shot_139ab1c7-ab26-5960-b7d5-943b8200bdb9","0.139213562011719","0","4458","1"
"GQ001_VISUAL_ZH","GQ001","VISUAL_ZH","牛在料槽或饲料筐前采食饲料","5","v2_asset_036","shot_a392b2ee-cf57-5253-8bff-ad60912480a0","0.139213562011719","0","4458","1"
"GQ001_VISUAL_EN","GQ001","VISUAL_EN","cattle eating feed from a trough or feed basket","1","v2_asset_035","shot_139ab1c7-ab26-5960-b7d5-943b8200bdb9","0.151997596025467","0","4458","1"
"GQ001_VISUAL_EN","GQ001","VISUAL_EN","cattle eating feed from a trough or feed basket","2","v2_asset_036","shot_a392b2ee-cf57-5253-8bff-ad60912480a0","0.151997596025467","0","4458","1"
"GQ001_VISUAL_EN","GQ001","VISUAL_EN","cattle eating feed from a trough or feed basket","3","v2_asset_039","shot_90e60606-697d-5f06-9930-e42d2aaa0a6d","0.151855140924454","0","4458","1"
"GQ001_VISUAL_EN","GQ001","VISUAL_EN","cattle eating feed from a trough or feed basket","4","v2_asset_041","shot_7effe8a7-b28d-5724-84b1-3dd7183d6934","0.139597311615944","0","5167","0"
"GQ001_VISUAL_EN","GQ001","VISUAL_EN","cattle eating feed from a trough or feed basket","5","v2_asset_046","shot_cc3e6d5e-3f85-5529-8d22-f93ff9970d31","0.138056322932243","0","5167","0"
"GQ002_SHORT_ZH","GQ002","SHORT_ZH","牛喝水","1","v2_asset_044","shot_dabf5b72-08e4-5d9e-b136-61ffcc8a3e3e","0.167639315128326","0","5167","1"
"GQ002_SHORT_ZH","GQ002","SHORT_ZH","牛喝水","2","v2_asset_045","shot_b9e20cfd-850b-595b-8c52-64e490e7f35f","0.145652174949646","0","5167","1"
"GQ002_SHORT_ZH","GQ002","SHORT_ZH","牛喝水","3","v2_asset_042","shot_a372fbf3-58ce-54cc-992f-a16126eedff1","0.143952012062073","0","5167","1"
"GQ002_SHORT_ZH","GQ002","SHORT_ZH","牛喝水","4","v2_asset_043","shot_71b2bb15-a7ee-53a8-9b2c-e6efd44aa759","0.141788482666016","0","5167","1"
"GQ002_SHORT_ZH","GQ002","SHORT_ZH","牛喝水","5","v2_asset_041","shot_7effe8a7-b28d-5724-84b1-3dd7183d6934","0.139888033270836","0","5167","1"
"GQ002_VISUAL_ZH","GQ002","VISUAL_ZH","牛正在水槽、水盆或水桶前喝水","1","v2_asset_044","shot_dabf5b72-08e4-5d9e-b136-61ffcc8a3e3e","0.184584558010101","0","5167","1"
"GQ002_VISUAL_ZH","GQ002","VISUAL_ZH","牛正在水槽、水盆或水桶前喝水","2","v2_asset_043","shot_71b2bb15-a7ee-53a8-9b2c-e6efd44aa759","0.169243797659874","0","5167","1"
"GQ002_VISUAL_ZH","GQ002","VISUAL_ZH","牛正在水槽、水盆或水桶前喝水","3","v2_asset_041","shot_7effe8a7-b28d-5724-84b1-3dd7183d6934","0.163954451680183","0","5167","1"
"GQ002_VISUAL_ZH","GQ002","VISUAL_ZH","牛正在水槽、水盆或水桶前喝水","4","v2_asset_042","shot_a372fbf3-58ce-54cc-992f-a16126eedff1","0.161441713571548","0","5167","1"
"GQ002_VISUAL_ZH","GQ002","VISUAL_ZH","牛正在水槽、水盆或水桶前喝水","5","v2_asset_045","shot_b9e20cfd-850b-595b-8c52-64e490e7f35f","0.154948234558105","0","5167","1"
"GQ002_VISUAL_EN","GQ002","VISUAL_EN","cattle drinking water from a trough, basin or bucket","1","v2_asset_043","shot_71b2bb15-a7ee-53a8-9b2c-e6efd44aa759","0.153446614742279","0","5167","1"
"GQ002_VISUAL_EN","GQ002","VISUAL_EN","cattle drinking water from a trough, basin or bucket","2","v2_asset_041","shot_7effe8a7-b28d-5724-84b1-3dd7183d6934","0.152110204100609","0","5167","1"
"GQ002_VISUAL_EN","GQ002","VISUAL_EN","cattle drinking water from a trough, basin or bucket","3","v2_asset_045","shot_b9e20cfd-850b-595b-8c52-64e490e7f35f","0.149627581238747","0","5167","1"
"GQ002_VISUAL_EN","GQ002","VISUAL_EN","cattle drinking water from a trough, basin or bucket","4","v2_asset_042","shot_a372fbf3-58ce-54cc-992f-a16126eedff1","0.140969127416611","0","5167","1"
"GQ002_VISUAL_EN","GQ002","VISUAL_EN","cattle drinking water from a trough, basin or bucket","5","v2_asset_044","shot_dabf5b72-08e4-5d9e-b136-61ffcc8a3e3e","0.128642678260803","0","5167","1"
"GQ003_SHORT_ZH","GQ003","SHORT_ZH","羊吃料","1","v2_asset_022","shot_4610429e-fc4f-5dd7-aa1d-beb9fb0360ef","0.142866164445877","0","1583","0"
"GQ003_SHORT_ZH","GQ003","SHORT_ZH","羊吃料","2","v2_asset_055","shot_d09e4937-4992-5cbd-9118-0496bf7ebd1b","0.140233159065247","0","4458","1"
"GQ003_SHORT_ZH","GQ003","SHORT_ZH","羊吃料","3","v2_asset_023","shot_ee608a87-6db0-508f-82ad-e98dc842b61c","0.137737706303596","0","1417","0"
"GQ003_SHORT_ZH","GQ003","SHORT_ZH","羊吃料","4","v2_asset_051","shot_de5919e9-adb2-5922-8316-fd803e9a2584","0.134671688079834","0","5167","1"
"GQ003_SHORT_ZH","GQ003","SHORT_ZH","羊吃料","5","v2_asset_003","shot_93c15c0d-5940-5da6-855c-211a5dfbd990","0.134483009576797","0","667","0"
"GQ003_VISUAL_ZH","GQ003","VISUAL_ZH","羊在料槽或料盆前采食饲料","1","v2_asset_056","shot_e77b7f5b-095f-599e-b0bd-6d5c61d03ca8","0.163396283984184","0","5167","1"
"GQ003_VISUAL_ZH","GQ003","VISUAL_ZH","羊在料槽或料盆前采食饲料","2","v2_asset_055","shot_d09e4937-4992-5cbd-9118-0496bf7ebd1b","0.160936295986176","0","4458","1"
"GQ003_VISUAL_ZH","GQ003","VISUAL_ZH","羊在料槽或料盆前采食饲料","3","v2_asset_053","shot_e81ef9f9-f49f-5413-a9a0-a56704b27832","0.15792378783226","0","4042","1"
"GQ003_VISUAL_ZH","GQ003","VISUAL_ZH","羊在料槽或料盆前采食饲料","4","v2_asset_061","shot_07b4a297-ad18-5271-ad9f-ef12c2535fb2","0.156900316476822","0","5167","0"
"GQ003_VISUAL_ZH","GQ003","VISUAL_ZH","羊在料槽或料盆前采食饲料","5","v2_asset_051","shot_de5919e9-adb2-5922-8316-fd803e9a2584","0.155296102166176","0","5167","1"
"GQ003_VISUAL_EN","GQ003","VISUAL_EN","sheep eating feed from a trough or feed basin","1","v2_asset_051","shot_de5919e9-adb2-5922-8316-fd803e9a2584","0.184250757098198","0","5167","1"
"GQ003_VISUAL_EN","GQ003","VISUAL_EN","sheep eating feed from a trough or feed basin","2","v2_asset_056","shot_e77b7f5b-095f-599e-b0bd-6d5c61d03ca8","0.174349769949913","0","5167","1"
"GQ003_VISUAL_EN","GQ003","VISUAL_EN","sheep eating feed from a trough or feed basin","3","v2_asset_055","shot_d09e4937-4992-5cbd-9118-0496bf7ebd1b","0.16853055357933","0","4458","1"
"GQ003_VISUAL_EN","GQ003","VISUAL_EN","sheep eating feed from a trough or feed basin","4","v2_asset_061","shot_07b4a297-ad18-5271-ad9f-ef12c2535fb2","0.167506977915764","0","5167","0"
"GQ003_VISUAL_EN","GQ003","VISUAL_EN","sheep eating feed from a trough or feed basin","5","v2_asset_059","shot_caaa225b-1cd1-53ba-9543-130496340279","0.162739351391792","0","5167","0"
"GQ004_SHORT_ZH","GQ004","SHORT_ZH","羊喝水","1","v2_asset_061","shot_07b4a297-ad18-5271-ad9f-ef12c2535fb2","0.146499305963516","0","5167","1"
"GQ004_SHORT_ZH","GQ004","SHORT_ZH","羊喝水","2","v2_asset_059","shot_caaa225b-1cd1-53ba-9543-130496340279","0.135624527931213","0","5167","1"
"GQ004_SHORT_ZH","GQ004","SHORT_ZH","羊喝水","3","v2_asset_044","shot_dabf5b72-08e4-5d9e-b136-61ffcc8a3e3e","0.130131140351295","0","5167","0"
"GQ004_SHORT_ZH","GQ004","SHORT_ZH","羊喝水","4","v2_asset_062","shot_5dd1e777-ea05-5708-9180-884626898d4c","0.125600457191467","0","5167","1"
"GQ004_SHORT_ZH","GQ004","SHORT_ZH","羊喝水","5","v2_asset_051","shot_de5919e9-adb2-5922-8316-fd803e9a2584","0.124529361724854","0","5167","0"
"GQ004_VISUAL_ZH","GQ004","VISUAL_ZH","羊正在水盆、水桶或水槽前喝水","1","v2_asset_061","shot_07b4a297-ad18-5271-ad9f-ef12c2535fb2","0.188006743788719","0","5167","1"
"GQ004_VISUAL_ZH","GQ004","VISUAL_ZH","羊正在水盆、水桶或水槽前喝水","2","v2_asset_059","shot_caaa225b-1cd1-53ba-9543-130496340279","0.150734022259712","0","5167","1"
"GQ004_VISUAL_ZH","GQ004","VISUAL_ZH","羊正在水盆、水桶或水槽前喝水","3","v2_asset_058","shot_4033d37f-9b85-5133-a0ea-56a18984ea16","0.150211960077286","0","5167","1"
"GQ004_VISUAL_ZH","GQ004","VISUAL_ZH","羊正在水盆、水桶或水槽前喝水","4","v2_asset_044","shot_dabf5b72-08e4-5d9e-b136-61ffcc8a3e3e","0.145696640014648","0","5167","0"
"GQ004_VISUAL_ZH","GQ004","VISUAL_ZH","羊正在水盆、水桶或水槽前喝水","5","v2_asset_051","shot_de5919e9-adb2-5922-8316-fd803e9a2584","0.141891777515411","0","5167","0"
"GQ004_VISUAL_EN","GQ004","VISUAL_EN","sheep drinking water from a basin, bucket or trough","1","v2_asset_061","shot_07b4a297-ad18-5271-ad9f-ef12c2535fb2","0.162690401077271","0","5167","1"
"GQ004_VISUAL_EN","GQ004","VISUAL_EN","sheep drinking water from a basin, bucket or trough","2","v2_asset_059","shot_caaa225b-1cd1-53ba-9543-130496340279","0.155162900686264","0","5167","1"
"GQ004_VISUAL_EN","GQ004","VISUAL_EN","sheep drinking water from a basin, bucket or trough","3","v2_asset_051","shot_de5919e9-adb2-5922-8316-fd803e9a2584","0.141861543059349","0","5167","0"
"GQ004_VISUAL_EN","GQ004","VISUAL_EN","sheep drinking water from a basin, bucket or trough","4","v2_asset_052","shot_95e06ae2-ea74-5423-b472-1b76a0792501","0.134238615632057","0","5167","0"
"GQ004_VISUAL_EN","GQ004","VISUAL_EN","sheep drinking water from a basin, bucket or trough","5","v2_asset_062","shot_5dd1e777-ea05-5708-9180-884626898d4c","0.130941182374954","0","5167","1"
"GQ005_SHORT_ZH","GQ005","SHORT_ZH","猪吃料","1","v2_asset_004","shot_5ccb8d2e-5d7a-5667-8401-ba316562a4f4","0.15197080373764","0","4458","0"
"GQ005_SHORT_ZH","GQ005","SHORT_ZH","猪吃料","2","v2_asset_022","shot_4610429e-fc4f-5dd7-aa1d-beb9fb0360ef","0.151395872235298","0","1583","0"
"GQ005_SHORT_ZH","GQ005","SHORT_ZH","猪吃料","3","v2_asset_055","shot_d09e4937-4992-5cbd-9118-0496bf7ebd1b","0.135966762900352","0","4458","0"
"GQ005_SHORT_ZH","GQ005","SHORT_ZH","猪吃料","4","v2_asset_082","shot_8362ea43-24a9-5f9b-9597-79c0d56d84e2","0.132699564099312","0","5167","1"
"GQ005_SHORT_ZH","GQ005","SHORT_ZH","猪吃料","5","v2_asset_023","shot_ee608a87-6db0-508f-82ad-e98dc842b61c","0.131509467959404","0","1417","0"
"GQ005_VISUAL_ZH","GQ005","VISUAL_ZH","猪在料槽或饲料盆前采食饲料","1","v2_asset_082","shot_8362ea43-24a9-5f9b-9597-79c0d56d84e2","0.158539086580276","0","5167","1"
"GQ005_VISUAL_ZH","GQ005","VISUAL_ZH","猪在料槽或饲料盆前采食饲料","2","v2_asset_081","shot_1fce866e-1478-5132-8b92-20f1d3d01395","0.156528890132904","0","5167","1"
"GQ005_VISUAL_ZH","GQ005","VISUAL_ZH","猪在料槽或饲料盆前采食饲料","3","v2_asset_055","shot_d09e4937-4992-5cbd-9118-0496bf7ebd1b","0.155729949474335","0","4458","0"
"GQ005_VISUAL_ZH","GQ005","VISUAL_ZH","猪在料槽或饲料盆前采食饲料","4","v2_asset_004","shot_5ccb8d2e-5d7a-5667-8401-ba316562a4f4","0.147605031728745","0","4458","0"
"GQ005_VISUAL_ZH","GQ005","VISUAL_ZH","猪在料槽或饲料盆前采食饲料","5","v2_asset_026","shot_6995bed5-ecc0-5db3-a12c-a6595a350db8","0.146948277950287","0","3375","0"
"GQ005_VISUAL_EN","GQ005","VISUAL_EN","pigs eating feed from a trough or feed basin","1","v2_asset_082","shot_8362ea43-24a9-5f9b-9597-79c0d56d84e2","0.161821335554123","0","5167","1"
"GQ005_VISUAL_EN","GQ005","VISUAL_EN","pigs eating feed from a trough or feed basin","2","v2_asset_094","shot_7ff2212a-e204-5765-92c7-fca89f4b2fdc","0.160442993044853","0","4042","0"
"GQ005_VISUAL_EN","GQ005","VISUAL_EN","pigs eating feed from a trough or feed basin","3","v2_asset_079","shot_b3c73850-2459-5347-a74f-e1d3f0c31183","0.159783601760864","0","5167","1"
"GQ005_VISUAL_EN","GQ005","VISUAL_EN","pigs eating feed from a trough or feed basin","4","v2_asset_088","shot_880d64c8-e2df-5066-b665-cc04b3daa9ff","0.155707687139511","0","5167","0"
"GQ005_VISUAL_EN","GQ005","VISUAL_EN","pigs eating feed from a trough or feed basin","5","v2_asset_083","shot_038b1925-259c-5053-9ba7-ab08b7c4e83b","0.154325976967812","0","5167","1"
"GQ006_SHORT_ZH","GQ006","SHORT_ZH","猪喝水","1","v2_asset_084","shot_c66c5bd2-25c8-562e-ac29-3c88c847f8c6","0.151116475462914","0","5167","1"
"GQ006_SHORT_ZH","GQ006","SHORT_ZH","猪喝水","2","v2_asset_085","shot_a69359d9-131a-5741-b0c6-48c5f110cb46","0.147446319460869","0","5167","1"
"GQ006_SHORT_ZH","GQ006","SHORT_ZH","猪喝水","3","v2_asset_088","shot_880d64c8-e2df-5066-b665-cc04b3daa9ff","0.143393337726593","0","5167","1"
"GQ006_SHORT_ZH","GQ006","SHORT_ZH","猪喝水","4","v2_asset_086","shot_e8e2a932-6337-5e3d-aaae-1fe562ae1da4","0.143366739153862","0","5167","1"
"GQ006_SHORT_ZH","GQ006","SHORT_ZH","猪喝水","5","v2_asset_065","shot_376adfe7-08af-5363-8aae-556557a8f6ac","0.142885088920593","0","3042","0"
"GQ006_VISUAL_ZH","GQ006","VISUAL_ZH","猪正在饮水槽或自动饮水器前喝水","1","v2_asset_088","shot_880d64c8-e2df-5066-b665-cc04b3daa9ff","0.16339747607708","0","5167","1"
"GQ006_VISUAL_ZH","GQ006","VISUAL_ZH","猪正在饮水槽或自动饮水器前喝水","2","v2_asset_086","shot_e8e2a932-6337-5e3d-aaae-1fe562ae1da4","0.162290468811989","0","5167","1"
"GQ006_VISUAL_ZH","GQ006","VISUAL_ZH","猪正在饮水槽或自动饮水器前喝水","3","v2_asset_072","shot_457aecbe-846f-56df-bcd9-6f80421be45f","0.160559713840485","0","7292","0"
"GQ006_VISUAL_ZH","GQ006","VISUAL_ZH","猪正在饮水槽或自动饮水器前喝水","4","v2_asset_084","shot_c66c5bd2-25c8-562e-ac29-3c88c847f8c6","0.159276410937309","0","5167","1"
"GQ006_VISUAL_ZH","GQ006","VISUAL_ZH","猪正在饮水槽或自动饮水器前喝水","5","v2_asset_089","shot_91463944-a594-58ff-8dfc-905c3582a178","0.156661689281464","0","5167","1"
"GQ006_VISUAL_EN","GQ006","VISUAL_EN","pigs drinking water from a trough or automatic drinker","1","v2_asset_089","shot_91463944-a594-58ff-8dfc-905c3582a178","0.16223980486393","0","5167","1"
"GQ006_VISUAL_EN","GQ006","VISUAL_EN","pigs drinking water from a trough or automatic drinker","2","v2_asset_088","shot_880d64c8-e2df-5066-b665-cc04b3daa9ff","0.15851154923439","0","5167","1"
"GQ006_VISUAL_EN","GQ006","VISUAL_EN","pigs drinking water from a trough or automatic drinker","3","v2_asset_085","shot_a69359d9-131a-5741-b0c6-48c5f110cb46","0.151869997382164","0","5167","1"
"GQ006_VISUAL_EN","GQ006","VISUAL_EN","pigs drinking water from a trough or automatic drinker","4","v2_asset_086","shot_e8e2a932-6337-5e3d-aaae-1fe562ae1da4","0.149292632937431","0","5167","1"
"GQ006_VISUAL_EN","GQ006","VISUAL_EN","pigs drinking water from a trough or automatic drinker","5","v2_asset_094","shot_7ff2212a-e204-5765-92c7-fca89f4b2fdc","0.148040786385536","0","4042","0"
"GQ007_SHORT_ZH","GQ007","SHORT_ZH","猪打疫苗","1","v2_asset_022","shot_4610429e-fc4f-5dd7-aa1d-beb9fb0360ef","0.144482120871544","0","1583","0"
"GQ007_SHORT_ZH","GQ007","SHORT_ZH","猪打疫苗","2","v2_asset_004","shot_5ccb8d2e-5d7a-5667-8401-ba316562a4f4","0.143697887659073","0","4458","0"
"GQ007_SHORT_ZH","GQ007","SHORT_ZH","猪打疫苗","3","v2_asset_015","shot_8d4afaee-1604-560e-9c2f-5c7711e0c0d2","0.13947069644928","0","4458","1"
"GQ007_SHORT_ZH","GQ007","SHORT_ZH","猪打疫苗","4","v2_asset_016","shot_2d3e2cb2-1d8d-57b3-a9a8-8b6e232ad28f","0.138952493667603","0","4458","1"
"GQ007_SHORT_ZH","GQ007","SHORT_ZH","猪打疫苗","5","v2_asset_003","shot_93c15c0d-5940-5da6-855c-211a5dfbd990","0.13767871260643","0","667","0"
"GQ007_VISUAL_ZH","GQ007","VISUAL_ZH","工作人员正在给猪注射疫苗","1","v2_asset_016","shot_2d3e2cb2-1d8d-57b3-a9a8-8b6e232ad28f","0.162487864494324","0","4458","1"
"GQ007_VISUAL_ZH","GQ007","VISUAL_ZH","工作人员正在给猪注射疫苗","2","v2_asset_015","shot_8d4afaee-1604-560e-9c2f-5c7711e0c0d2","0.158122196793556","0","4458","1"
"GQ007_VISUAL_ZH","GQ007","VISUAL_ZH","工作人员正在给猪注射疫苗","3","v2_asset_012","shot_8e9b1061-8689-5405-8a06-530aa2bd70bc","0.149421855807304","0","4458","1"
"GQ007_VISUAL_ZH","GQ007","VISUAL_ZH","工作人员正在给猪注射疫苗","4","v2_asset_004","shot_5ccb8d2e-5d7a-5667-8401-ba316562a4f4","0.145337343215942","0","4458","0"
"GQ007_VISUAL_ZH","GQ007","VISUAL_ZH","工作人员正在给猪注射疫苗","5","v2_asset_022","shot_4610429e-fc4f-5dd7-aa1d-beb9fb0360ef","0.133305132389069","0","1583","0"
"GQ007_VISUAL_EN","GQ007","VISUAL_EN","a worker vaccinating a pig","1","v2_asset_012","shot_8e9b1061-8689-5405-8a06-530aa2bd70bc","0.170033976435661","0","4458","1"
"GQ007_VISUAL_EN","GQ007","VISUAL_EN","a worker vaccinating a pig","2","v2_asset_015","shot_8d4afaee-1604-560e-9c2f-5c7711e0c0d2","0.16594198346138","0","4458","1"
"GQ007_VISUAL_EN","GQ007","VISUAL_EN","a worker vaccinating a pig","3","v2_asset_016","shot_2d3e2cb2-1d8d-57b3-a9a8-8b6e232ad28f","0.164458394050598","0","4458","1"
"GQ007_VISUAL_EN","GQ007","VISUAL_EN","a worker vaccinating a pig","4","v2_asset_014","shot_6849ac68-58c7-54e4-9758-8b8d1e5eb33c","0.142180487513542","0","4458","1"
"GQ007_VISUAL_EN","GQ007","VISUAL_EN","a worker vaccinating a pig","5","v2_asset_019","shot_3edb769c-c4d7-553f-806e-f9980d70a00a","0.122272104024887","0","12250","0"
"GQ008_SHORT_ZH","GQ008","SHORT_ZH","小猪吃奶","1","v2_asset_065","shot_376adfe7-08af-5363-8aae-556557a8f6ac","0.16244201362133","0","3042","0"
"GQ008_SHORT_ZH","GQ008","SHORT_ZH","小猪吃奶","2","v2_asset_013","shot_780c7ce8-7166-5a06-8788-a4169edcc95e","0.150159850716591","0","4458","0"
"GQ008_SHORT_ZH","GQ008","SHORT_ZH","小猪吃奶","3","v2_asset_067","shot_873d83bd-f743-5cc7-80a4-8cc18530bbcb","0.149895936250687","0","4458","1"
"GQ008_SHORT_ZH","GQ008","SHORT_ZH","小猪吃奶","4","v2_asset_004","shot_5ccb8d2e-5d7a-5667-8401-ba316562a4f4","0.145643755793571","0","4458","0"
"GQ008_SHORT_ZH","GQ008","SHORT_ZH","小猪吃奶","5","v2_asset_066","shot_f2b88bc2-f4d8-5e26-a6ce-42b04ba64b14","0.140417829155922","0","4458","1"
"GQ008_VISUAL_ZH","GQ008","VISUAL_ZH","仔猪在母猪身旁吃奶","1","v2_asset_065","shot_376adfe7-08af-5363-8aae-556557a8f6ac","0.167998418211937","0","3042","0"
"GQ008_VISUAL_ZH","GQ008","VISUAL_ZH","仔猪在母猪身旁吃奶","2","v2_asset_067","shot_873d83bd-f743-5cc7-80a4-8cc18530bbcb","0.16715507209301","0","4458","1"
"GQ008_VISUAL_ZH","GQ008","VISUAL_ZH","仔猪在母猪身旁吃奶","3","v2_asset_068","shot_2209edc5-9b10-56bb-9c60-f98059ee5034","0.158015817403793","0","4458","1"
"GQ008_VISUAL_ZH","GQ008","VISUAL_ZH","仔猪在母猪身旁吃奶","4","v2_asset_069","shot_620828f6-9e38-5f07-aa14-4747d3e781fe","0.15792627632618","0","4458","1"
"GQ008_VISUAL_ZH","GQ008","VISUAL_ZH","仔猪在母猪身旁吃奶","5","v2_asset_066","shot_f2b88bc2-f4d8-5e26-a6ce-42b04ba64b14","0.15636071562767","0","4458","1"
"GQ008_VISUAL_EN","GQ008","VISUAL_EN","piglets nursing from a sow","1","v2_asset_066","shot_f2b88bc2-f4d8-5e26-a6ce-42b04ba64b14","0.163914799690247","0","4458","1"
"GQ008_VISUAL_EN","GQ008","VISUAL_EN","piglets nursing from a sow","2","v2_asset_067","shot_873d83bd-f743-5cc7-80a4-8cc18530bbcb","0.16341307759285","0","4458","1"
"GQ008_VISUAL_EN","GQ008","VISUAL_EN","piglets nursing from a sow","3","v2_asset_071","shot_3d6783e9-c896-57fc-80d0-1ea1a21918c7","0.159492999315262","0","4458","1"
"GQ008_VISUAL_EN","GQ008","VISUAL_EN","piglets nursing from a sow","4","v2_asset_070","shot_f305d4a9-b647-5916-ac6a-743fc31531ef","0.155778586864471","0","4458","1"
"GQ008_VISUAL_EN","GQ008","VISUAL_EN","piglets nursing from a sow","5","v2_asset_068","shot_2209edc5-9b10-56bb-9c60-f98059ee5034","0.154574528336525","0","4458","1"
"GQ009_SHORT_ZH","GQ009","SHORT_ZH","清理猪圈","1","v2_asset_016","shot_2d3e2cb2-1d8d-57b3-a9a8-8b6e232ad28f","0.126514256000519","0","4458","0"
"GQ009_SHORT_ZH","GQ009","SHORT_ZH","清理猪圈","2","v2_asset_069","shot_620828f6-9e38-5f07-aa14-4747d3e781fe","0.1261176019907","0","4458","0"
"GQ009_SHORT_ZH","GQ009","SHORT_ZH","清理猪圈","3","v2_asset_004","shot_5ccb8d2e-5d7a-5667-8401-ba316562a4f4","0.124950066208839","0","4458","0"
"GQ009_SHORT_ZH","GQ009","SHORT_ZH","清理猪圈","4","v2_asset_065","shot_376adfe7-08af-5363-8aae-556557a8f6ac","0.119985267519951","0","3042","0"
"GQ009_SHORT_ZH","GQ009","SHORT_ZH","清理猪圈","5","v2_asset_012","shot_8e9b1061-8689-5405-8a06-530aa2bd70bc","0.119259104132652","0","4458","0"
"GQ009_VISUAL_ZH","GQ009","VISUAL_ZH","工作人员正在猪圈或猪舍内进行清理","1","v2_asset_090","shot_efb7daa5-d8c8-586b-955a-5219764a467e","0.152856484055519","0","3375","0"
"GQ009_VISUAL_ZH","GQ009","VISUAL_ZH","工作人员正在猪圈或猪舍内进行清理","2","v2_asset_099","shot_cfaa895f-7061-53e8-9b4c-ff1fa900713b","0.150476664304733","0","3375","0"
"GQ009_VISUAL_ZH","GQ009","VISUAL_ZH","工作人员正在猪圈或猪舍内进行清理","3","v2_asset_012","shot_8e9b1061-8689-5405-8a06-530aa2bd70bc","0.149934783577919","0","4458","0"
"GQ009_VISUAL_ZH","GQ009","VISUAL_ZH","工作人员正在猪圈或猪舍内进行清理","4","v2_asset_089","shot_91463944-a594-58ff-8dfc-905c3582a178","0.149758905172348","0","5167","0"
"GQ009_VISUAL_ZH","GQ009","VISUAL_ZH","工作人员正在猪圈或猪舍内进行清理","5","v2_asset_030","shot_a54d894b-32fd-5103-9f14-b6b72683dce8","0.145865693688393","0","3375","0"
"GQ009_VISUAL_EN","GQ009","VISUAL_EN","a worker cleaning a pig pen or pig house","1","v2_asset_012","shot_8e9b1061-8689-5405-8a06-530aa2bd70bc","0.143014520406723","0","4458","0"
"GQ009_VISUAL_EN","GQ009","VISUAL_EN","a worker cleaning a pig pen or pig house","2","v2_asset_021","shot_1b2da058-66f1-504d-9121-980977eac093","0.129028901457787","0","5167","1"
"GQ009_VISUAL_EN","GQ009","VISUAL_EN","a worker cleaning a pig pen or pig house","3","v2_asset_019","shot_3edb769c-c4d7-553f-806e-f9980d70a00a","0.128064557909966","0","12250","0"
"GQ009_VISUAL_EN","GQ009","VISUAL_EN","a worker cleaning a pig pen or pig house","4","v2_asset_016","shot_2d3e2cb2-1d8d-57b3-a9a8-8b6e232ad28f","0.122903890907764","0","4458","0"
"GQ009_VISUAL_EN","GQ009","VISUAL_EN","a worker cleaning a pig pen or pig house","5","v2_asset_017","shot_e2d6b866-6808-53c0-b3a8-1a8c13ce5334","0.121259033679962","0","27680","0"
"GQ010_SHORT_ZH","GQ010","SHORT_ZH","工作人员手持产品","1","v2_asset_023","shot_6337757d-11f0-5ec4-9271-8a0ed1f4e8c2","0.113904990255833","1417","4458","1"
"GQ010_SHORT_ZH","GQ010","SHORT_ZH","工作人员手持产品","2","v2_asset_004","shot_5ccb8d2e-5d7a-5667-8401-ba316562a4f4","0.105762824416161","0","4458","0"
"GQ010_SHORT_ZH","GQ010","SHORT_ZH","工作人员手持产品","3","v2_asset_009","shot_44a271c8-dfd6-5c7d-9fbf-3cf5b32b522a","0.105517536401749","0","2587","0"
"GQ010_SHORT_ZH","GQ010","SHORT_ZH","工作人员手持产品","4","v2_asset_022","shot_72fddfb9-56f7-5b0f-89c7-41d572f7b6f3","0.103876024484634","1583","4458","1"
"GQ010_SHORT_ZH","GQ010","SHORT_ZH","工作人员手持产品","5","v2_asset_003","shot_93c15c0d-5940-5da6-855c-211a5dfbd990","0.103705577552319","0","667","0"
"GQ010_VISUAL_ZH","GQ010","VISUAL_ZH","工作人员在猪舍内手持产品进行讲解或展示","1","v2_asset_022","shot_72fddfb9-56f7-5b0f-89c7-41d572f7b6f3","0.161000162363052","1583","4458","1"
"GQ010_VISUAL_ZH","GQ010","VISUAL_ZH","工作人员在猪舍内手持产品进行讲解或展示","2","v2_asset_004","shot_5ccb8d2e-5d7a-5667-8401-ba316562a4f4","0.158626288175583","0","4458","0"
"GQ010_VISUAL_ZH","GQ010","VISUAL_ZH","工作人员在猪舍内手持产品进行讲解或展示","3","v2_asset_003","shot_3e450a88-cc9b-56d9-8f29-7f72c9d68e76","0.151674807071686","667","4458","0"
"GQ010_VISUAL_ZH","GQ010","VISUAL_ZH","工作人员在猪舍内手持产品进行讲解或展示","4","v2_asset_092","shot_7927d575-a02e-5980-9b3e-66b28cf61ab7","0.151339948177338","0","3375","0"
"GQ010_VISUAL_ZH","GQ010","VISUAL_ZH","工作人员在猪舍内手持产品进行讲解或展示","5","v2_asset_023","shot_6337757d-11f0-5ec4-9271-8a0ed1f4e8c2","0.151127487421036","1417","4458","1"
"GQ010_VISUAL_EN","GQ010","VISUAL_EN","a worker holding and presenting a product inside a pig house","1","v2_asset_019","shot_3edb769c-c4d7-553f-806e-f9980d70a00a","0.172833383083344","0","12250","0"
"GQ010_VISUAL_EN","GQ010","VISUAL_EN","a worker holding and presenting a product inside a pig house","2","v2_asset_003","shot_3e450a88-cc9b-56d9-8f29-7f72c9d68e76","0.160381063818932","667","4458","0"
"GQ010_VISUAL_EN","GQ010","VISUAL_EN","a worker holding and presenting a product inside a pig house","3","v2_asset_023","shot_6337757d-11f0-5ec4-9271-8a0ed1f4e8c2","0.153404325246811","1417","4458","1"
"GQ010_VISUAL_EN","GQ010","VISUAL_EN","a worker holding and presenting a product inside a pig house","4","v2_asset_022","shot_72fddfb9-56f7-5b0f-89c7-41d572f7b6f3","0.152972623705864","1583","4458","1"
"GQ010_VISUAL_EN","GQ010","VISUAL_EN","a worker holding and presenting a product inside a pig house","5","v2_asset_017","shot_e2d6b866-6808-53c0-b3a8-1a8c13ce5334","0.139695346355438","0","27680","0"
"GQ011_SHORT_ZH","GQ011","SHORT_ZH","产品包装展示","1","v2_asset_004","shot_5ccb8d2e-5d7a-5667-8401-ba316562a4f4","0.112778462469578","0","4458","1"
"GQ011_SHORT_ZH","GQ011","SHORT_ZH","产品包装展示","2","v2_asset_023","shot_ee608a87-6db0-508f-82ad-e98dc842b61c","0.108760148286819","0","1417","0"
"GQ011_SHORT_ZH","GQ011","SHORT_ZH","产品包装展示","3","v2_asset_022","shot_4610429e-fc4f-5dd7-aa1d-beb9fb0360ef","0.107616797089577","0","1583","0"
"GQ011_SHORT_ZH","GQ011","SHORT_ZH","产品包装展示","4","v2_asset_003","shot_93c15c0d-5940-5da6-855c-211a5dfbd990","0.106554299592972","0","667","1"
"GQ011_SHORT_ZH","GQ011","SHORT_ZH","产品包装展示","5","v2_asset_009","shot_44a271c8-dfd6-5c7d-9fbf-3cf5b32b522a","0.106003597378731","0","2587","0"
"GQ011_VISUAL_ZH","GQ011","VISUAL_ZH","画面主要展示产品包装","1","v2_asset_011","shot_7fcc2bb2-071c-5a46-b536-1da76cfba587","0.116297669708729","0","2415","0"
"GQ011_VISUAL_ZH","GQ011","VISUAL_ZH","画面主要展示产品包装","2","v2_asset_004","shot_5ccb8d2e-5d7a-5667-8401-ba316562a4f4","0.11440609395504","0","4458","1"
"GQ011_VISUAL_ZH","GQ011","VISUAL_ZH","画面主要展示产品包装","3","v2_asset_002","shot_8deb8502-2bed-5eb1-87d3-6981739c3705","0.112359330058098","0","1653","1"
"GQ011_VISUAL_ZH","GQ011","VISUAL_ZH","画面主要展示产品包装","4","v2_asset_023","shot_6337757d-11f0-5ec4-9271-8a0ed1f4e8c2","0.111371487379074","1417","4458","0"
"GQ011_VISUAL_ZH","GQ011","VISUAL_ZH","画面主要展示产品包装","5","v2_asset_008","shot_3d9c8c06-9547-5816-84f7-46ed09fbb4b3","0.108967930078506","0","2138","0"
"GQ011_VISUAL_EN","GQ011","VISUAL_EN","product packaging prominently displayed","1","v2_asset_011","shot_7fcc2bb2-071c-5a46-b536-1da76cfba587","0.0826458260416985","0","2415","0"
"GQ011_VISUAL_EN","GQ011","VISUAL_EN","product packaging prominently displayed","2","v2_asset_005","shot_765f488e-e0d4-500c-8de1-c61a7b26bb54","0.0824416875839233","0","4458","1"
"GQ011_VISUAL_EN","GQ011","VISUAL_EN","product packaging prominently displayed","3","v2_asset_008","shot_3d9c8c06-9547-5816-84f7-46ed09fbb4b3","0.0791351571679115","0","2138","0"
"GQ011_VISUAL_EN","GQ011","VISUAL_EN","product packaging prominently displayed","4","v2_asset_023","shot_ee608a87-6db0-508f-82ad-e98dc842b61c","0.0763511881232262","0","1417","0"
"GQ011_VISUAL_EN","GQ011","VISUAL_EN","product packaging prominently displayed","5","v2_asset_004","shot_5ccb8d2e-5d7a-5667-8401-ba316562a4f4","0.0748916640877724","0","4458","1"
"GQ012_SHORT_ZH","GQ012","SHORT_ZH","户外草地手持产品","1","v2_asset_009","shot_44a271c8-dfd6-5c7d-9fbf-3cf5b32b522a","0.123022213578224","0","2587","1"
"GQ012_SHORT_ZH","GQ012","SHORT_ZH","户外草地手持产品","2","v2_asset_010","shot_59d9852b-c3a8-5368-832e-17352a7671f7","0.12099626660347","0","2310","1"
"GQ012_SHORT_ZH","GQ012","SHORT_ZH","户外草地手持产品","3","v2_asset_002","shot_8deb8502-2bed-5eb1-87d3-6981739c3705","0.113846555352211","0","1653","0"
"GQ012_SHORT_ZH","GQ012","SHORT_ZH","户外草地手持产品","4","v2_asset_008","shot_3d9c8c06-9547-5816-84f7-46ed09fbb4b3","0.113564945757389","0","2138","1"
"GQ012_SHORT_ZH","GQ012","SHORT_ZH","户外草地手持产品","5","v2_asset_007","shot_58af642e-af34-50e2-a257-9950c00aa9ef","0.110167026519775","0","3022","1"
"GQ012_VISUAL_ZH","GQ012","VISUAL_ZH","手持产品包装，背景为户外草地","1","v2_asset_009","shot_44a271c8-dfd6-5c7d-9fbf-3cf5b32b522a","0.15746758878231","0","2587","1"
"GQ012_VISUAL_ZH","GQ012","VISUAL_ZH","手持产品包装，背景为户外草地","2","v2_asset_007","shot_58af642e-af34-50e2-a257-9950c00aa9ef","0.152338325977325","0","3022","1"
"GQ012_VISUAL_ZH","GQ012","VISUAL_ZH","手持产品包装，背景为户外草地","3","v2_asset_008","shot_3d9c8c06-9547-5816-84f7-46ed09fbb4b3","0.146808847784996","0","2138","1"
"GQ012_VISUAL_ZH","GQ012","VISUAL_ZH","手持产品包装，背景为户外草地","4","v2_asset_002","shot_8deb8502-2bed-5eb1-87d3-6981739c3705","0.140997231006622","0","1653","0"
"GQ012_VISUAL_ZH","GQ012","VISUAL_ZH","手持产品包装，背景为户外草地","5","v2_asset_010","shot_59d9852b-c3a8-5368-832e-17352a7671f7","0.131576463580132","0","2310","1"
"GQ012_VISUAL_EN","GQ012","VISUAL_EN","hand holding product packaging against an outdoor grass background","1","v2_asset_007","shot_58af642e-af34-50e2-a257-9950c00aa9ef","0.149800971150398","0","3022","1"
"GQ012_VISUAL_EN","GQ012","VISUAL_EN","hand holding product packaging against an outdoor grass background","2","v2_asset_009","shot_44a271c8-dfd6-5c7d-9fbf-3cf5b32b522a","0.147239565849304","0","2587","1"
"GQ012_VISUAL_EN","GQ012","VISUAL_EN","hand holding product packaging against an outdoor grass background","3","v2_asset_008","shot_3d9c8c06-9547-5816-84f7-46ed09fbb4b3","0.125328913331032","0","2138","1"
"GQ012_VISUAL_EN","GQ012","VISUAL_EN","hand holding product packaging against an outdoor grass background","4","v2_asset_002","shot_8deb8502-2bed-5eb1-87d3-6981739c3705","0.10926965624094","0","1653","0"
"GQ012_VISUAL_EN","GQ012","VISUAL_EN","hand holding product packaging against an outdoor grass background","5","v2_asset_010","shot_59d9852b-c3a8-5368-832e-17352a7671f7","0.102614432573318","0","2310","1"
"GQ013_SHORT_ZH","GQ013","SHORT_ZH","猪场蓝白产品包装袋","1","v2_asset_004","shot_5ccb8d2e-5d7a-5667-8401-ba316562a4f4","0.186354517936707","0","4458","1"
"GQ013_SHORT_ZH","GQ013","SHORT_ZH","猪场蓝白产品包装袋","2","v2_asset_022","shot_4610429e-fc4f-5dd7-aa1d-beb9fb0360ef","0.168309688568115","0","1583","0"
"GQ013_SHORT_ZH","GQ013","SHORT_ZH","猪场蓝白产品包装袋","3","v2_asset_023","shot_ee608a87-6db0-508f-82ad-e98dc842b61c","0.166301071643829","0","1417","0"
"GQ013_SHORT_ZH","GQ013","SHORT_ZH","猪场蓝白产品包装袋","4","v2_asset_003","shot_93c15c0d-5940-5da6-855c-211a5dfbd990","0.154000833630562","0","667","1"
"GQ013_SHORT_ZH","GQ013","SHORT_ZH","猪场蓝白产品包装袋","5","v2_asset_005","shot_765f488e-e0d4-500c-8de1-c61a7b26bb54","0.149823293089867","0","4458","1"
"GQ013_VISUAL_ZH","GQ013","VISUAL_ZH","猪场背景中展示蓝白色产品包装袋","1","v2_asset_004","shot_5ccb8d2e-5d7a-5667-8401-ba316562a4f4","0.195136561989784","0","4458","1"
"GQ013_VISUAL_ZH","GQ013","VISUAL_ZH","猪场背景中展示蓝白色产品包装袋","2","v2_asset_005","shot_765f488e-e0d4-500c-8de1-c61a7b26bb54","0.168402656912804","0","4458","1"
"GQ013_VISUAL_ZH","GQ013","VISUAL_ZH","猪场背景中展示蓝白色产品包装袋","3","v2_asset_022","shot_4610429e-fc4f-5dd7-aa1d-beb9fb0360ef","0.167488187551498","0","1583","0"
"GQ013_VISUAL_ZH","GQ013","VISUAL_ZH","猪场背景中展示蓝白色产品包装袋","4","v2_asset_023","shot_ee608a87-6db0-508f-82ad-e98dc842b61c","0.165607839822769","0","1417","0"
"GQ013_VISUAL_ZH","GQ013","VISUAL_ZH","猪场背景中展示蓝白色产品包装袋","5","v2_asset_003","shot_93c15c0d-5940-5da6-855c-211a5dfbd990","0.153095081448555","0","667","1"
"GQ013_VISUAL_EN","GQ013","VISUAL_EN","blue and white product bag displayed in a pig farm","1","v2_asset_004","shot_5ccb8d2e-5d7a-5667-8401-ba316562a4f4","0.192975774407387","0","4458","1"
"GQ013_VISUAL_EN","GQ013","VISUAL_EN","blue and white product bag displayed in a pig farm","2","v2_asset_005","shot_765f488e-e0d4-500c-8de1-c61a7b26bb54","0.174915820360184","0","4458","1"
"GQ013_VISUAL_EN","GQ013","VISUAL_EN","blue and white product bag displayed in a pig farm","3","v2_asset_023","shot_6337757d-11f0-5ec4-9271-8a0ed1f4e8c2","0.157224848866463","1417","4458","0"
"GQ013_VISUAL_EN","GQ013","VISUAL_EN","blue and white product bag displayed in a pig farm","4","v2_asset_022","shot_4610429e-fc4f-5dd7-aa1d-beb9fb0360ef","0.155975937843323","0","1583","0"
"GQ013_VISUAL_EN","GQ013","VISUAL_EN","blue and white product bag displayed in a pig farm","5","v2_asset_006","shot_ed032560-1421-5bbd-bc30-f693060338bc","0.15418766438961","0","4458","1"
"GQ014_SHORT_ZH","GQ014","SHORT_ZH","户外草地白色饲料袋","1","v2_asset_005","shot_765f488e-e0d4-500c-8de1-c61a7b26bb54","0.13999979197979","0","4458","0"
"GQ014_SHORT_ZH","GQ014","SHORT_ZH","户外草地白色饲料袋","2","v2_asset_010","shot_59d9852b-c3a8-5368-832e-17352a7671f7","0.137345597147942","0","2310","0"
"GQ014_SHORT_ZH","GQ014","SHORT_ZH","户外草地白色饲料袋","3","v2_asset_023","shot_ee608a87-6db0-508f-82ad-e98dc842b61c","0.133739531040192","0","1417","0"
"GQ014_SHORT_ZH","GQ014","SHORT_ZH","户外草地白色饲料袋","4","v2_asset_009","shot_44a271c8-dfd6-5c7d-9fbf-3cf5b32b522a","0.128160148859024","0","2587","0"
"GQ014_SHORT_ZH","GQ014","SHORT_ZH","户外草地白色饲料袋","5","v2_asset_022","shot_4610429e-fc4f-5dd7-aa1d-beb9fb0360ef","0.127810627222061","0","1583","0"
"GQ014_VISUAL_ZH","GQ014","VISUAL_ZH","户外草地背景中手持白色饲料袋","1","v2_asset_009","shot_44a271c8-dfd6-5c7d-9fbf-3cf5b32b522a","0.151371672749519","0","2587","0"
"GQ014_VISUAL_ZH","GQ014","VISUAL_ZH","户外草地背景中手持白色饲料袋","2","v2_asset_007","shot_58af642e-af34-50e2-a257-9950c00aa9ef","0.146539628505707","0","3022","1"
"GQ014_VISUAL_ZH","GQ014","VISUAL_ZH","户外草地背景中手持白色饲料袋","3","v2_asset_008","shot_3d9c8c06-9547-5816-84f7-46ed09fbb4b3","0.134088605642319","0","2138","1"
"GQ014_VISUAL_ZH","GQ014","VISUAL_ZH","户外草地背景中手持白色饲料袋","4","v2_asset_023","shot_6337757d-11f0-5ec4-9271-8a0ed1f4e8c2","0.133548378944397","1417","4458","0"
"GQ014_VISUAL_ZH","GQ014","VISUAL_ZH","户外草地背景中手持白色饲料袋","5","v2_asset_010","shot_59d9852b-c3a8-5368-832e-17352a7671f7","0.124088272452354","0","2310","0"
"GQ014_VISUAL_EN","GQ014","VISUAL_EN","white feed bag held outdoors on grass","1","v2_asset_007","shot_58af642e-af34-50e2-a257-9950c00aa9ef","0.142572000622749","0","3022","1"
"GQ014_VISUAL_EN","GQ014","VISUAL_EN","white feed bag held outdoors on grass","2","v2_asset_009","shot_44a271c8-dfd6-5c7d-9fbf-3cf5b32b522a","0.133340701460838","0","2587","0"
"GQ014_VISUAL_EN","GQ014","VISUAL_EN","white feed bag held outdoors on grass","3","v2_asset_008","shot_3d9c8c06-9547-5816-84f7-46ed09fbb4b3","0.122977569699287","0","2138","1"
"GQ014_VISUAL_EN","GQ014","VISUAL_EN","white feed bag held outdoors on grass","4","v2_asset_010","shot_59d9852b-c3a8-5368-832e-17352a7671f7","0.117358073592186","0","2310","0"
"GQ014_VISUAL_EN","GQ014","VISUAL_EN","white feed bag held outdoors on grass","5","v2_asset_002","shot_8deb8502-2bed-5eb1-87d3-6981739c3705","0.107078447937965","0","1653","0"
"GQ015_SHORT_ZH","GQ015","SHORT_ZH","工作人员在猪舍讲解","1","v2_asset_001","shot_c54872c4-f4a1-55a7-80cd-646d7a47eeaf","0.14990596473217","0","5167","0"
"GQ015_SHORT_ZH","GQ015","SHORT_ZH","工作人员在猪舍讲解","2","v2_asset_076","shot_16825787-eb7f-58eb-92ee-8b21efef2dec","0.147750705480576","0","4458","0"
"GQ015_SHORT_ZH","GQ015","SHORT_ZH","工作人员在猪舍讲解","3","v2_asset_090","shot_efb7daa5-d8c8-586b-955a-5219764a467e","0.146244123578072","0","3375","0"
"GQ015_SHORT_ZH","GQ015","SHORT_ZH","工作人员在猪舍讲解","4","v2_asset_088","shot_880d64c8-e2df-5066-b665-cc04b3daa9ff","0.146207213401794","0","5167","0"
"GQ015_SHORT_ZH","GQ015","SHORT_ZH","工作人员在猪舍讲解","5","v2_asset_081","shot_1fce866e-1478-5132-8b92-20f1d3d01395","0.145568296313286","0","5167","0"
"GQ015_VISUAL_ZH","GQ015","VISUAL_ZH","穿工作服的工作人员在猪舍内讲解","1","v2_asset_022","shot_72fddfb9-56f7-5b0f-89c7-41d572f7b6f3","0.173279225826263","1583","4458","0"
"GQ015_VISUAL_ZH","GQ015","VISUAL_ZH","穿工作服的工作人员在猪舍内讲解","2","v2_asset_018","shot_ad72379a-3699-500b-b004-4e05360697bb","0.169252917170525","0","12250","1"
"GQ015_VISUAL_ZH","GQ015","VISUAL_ZH","穿工作服的工作人员在猪舍内讲解","3","v2_asset_019","shot_3edb769c-c4d7-553f-806e-f9980d70a00a","0.168712690472603","0","12250","1"
"GQ015_VISUAL_ZH","GQ015","VISUAL_ZH","穿工作服的工作人员在猪舍内讲解","4","v2_asset_003","shot_3e450a88-cc9b-56d9-8f29-7f72c9d68e76","0.16585436463356","667","4458","0"
"GQ015_VISUAL_ZH","GQ015","VISUAL_ZH","穿工作服的工作人员在猪舍内讲解","5","v2_asset_017","shot_e2d6b866-6808-53c0-b3a8-1a8c13ce5334","0.161168649792671","0","27680","1"
"GQ015_VISUAL_EN","GQ015","VISUAL_EN","a worker explaining something inside a pig house","1","v2_asset_019","shot_3edb769c-c4d7-553f-806e-f9980d70a00a","0.157427594065666","0","12250","1"
"GQ015_VISUAL_EN","GQ015","VISUAL_EN","a worker explaining something inside a pig house","2","v2_asset_017","shot_e2d6b866-6808-53c0-b3a8-1a8c13ce5334","0.138456299901009","0","27680","1"
"GQ015_VISUAL_EN","GQ015","VISUAL_EN","a worker explaining something inside a pig house","3","v2_asset_022","shot_72fddfb9-56f7-5b0f-89c7-41d572f7b6f3","0.134676337242126","1583","4458","0"
"GQ015_VISUAL_EN","GQ015","VISUAL_EN","a worker explaining something inside a pig house","4","v2_asset_018","shot_ad72379a-3699-500b-b004-4e05360697bb","0.131895706057549","0","12250","1"
"GQ015_VISUAL_EN","GQ015","VISUAL_EN","a worker explaining something inside a pig house","5","v2_asset_012","shot_8e9b1061-8689-5405-8a06-530aa2bd70bc","0.129255667328835","0","4458","0"
"GQ016_SHORT_ZH","GQ016","SHORT_ZH","工作人员展示牛群","1","v2_asset_023","shot_ee608a87-6db0-508f-82ad-e98dc842b61c","0.129170298576355","0","1417","0"
"GQ016_SHORT_ZH","GQ016","SHORT_ZH","工作人员展示牛群","2","v2_asset_022","shot_72fddfb9-56f7-5b0f-89c7-41d572f7b6f3","0.127989485859871","1583","4458","0"
"GQ016_SHORT_ZH","GQ016","SHORT_ZH","工作人员展示牛群","3","v2_asset_046","shot_cc3e6d5e-3f85-5529-8d22-f93ff9970d31","0.124542072415352","0","5167","0"
"GQ016_SHORT_ZH","GQ016","SHORT_ZH","工作人员展示牛群","4","v2_asset_003","shot_93c15c0d-5940-5da6-855c-211a5dfbd990","0.124167367815971","0","667","0"
"GQ016_SHORT_ZH","GQ016","SHORT_ZH","工作人员展示牛群","5","v2_asset_040","shot_167c5d2a-7e08-5291-91ad-a4a19c3af5d5","0.123685017228127","0","5167","0"
"GQ016_VISUAL_ZH","GQ016","VISUAL_ZH","工作人员在牛舍内展示或介绍牛群","1","v2_asset_040","shot_167c5d2a-7e08-5291-91ad-a4a19c3af5d5","0.145555764436722","0","5167","0"
"GQ016_VISUAL_ZH","GQ016","VISUAL_ZH","工作人员在牛舍内展示或介绍牛群","2","v2_asset_022","shot_72fddfb9-56f7-5b0f-89c7-41d572f7b6f3","0.132037952542305","1583","4458","0"
"GQ016_VISUAL_ZH","GQ016","VISUAL_ZH","工作人员在牛舍内展示或介绍牛群","3","v2_asset_046","shot_cc3e6d5e-3f85-5529-8d22-f93ff9970d31","0.127590984106064","0","5167","0"
"GQ016_VISUAL_ZH","GQ016","VISUAL_ZH","工作人员在牛舍内展示或介绍牛群","4","v2_asset_006","shot_ed032560-1421-5bbd-bc30-f693060338bc","0.125230669975281","0","4458","0"
"GQ016_VISUAL_ZH","GQ016","VISUAL_ZH","工作人员在牛舍内展示或介绍牛群","5","v2_asset_035","shot_139ab1c7-ab26-5960-b7d5-943b8200bdb9","0.122744500637054","0","4458","0"
"GQ016_VISUAL_EN","GQ016","VISUAL_EN","a worker presenting cattle inside a cattle barn","1","v2_asset_024","shot_8df64929-6269-5292-bda1-0bf38b9fda8e","0.14925129711628","0","4458","1"
"GQ016_VISUAL_EN","GQ016","VISUAL_EN","a worker presenting cattle inside a cattle barn","2","v2_asset_017","shot_e2d6b866-6808-53c0-b3a8-1a8c13ce5334","0.149208530783653","0","27680","0"
"GQ016_VISUAL_EN","GQ016","VISUAL_EN","a worker presenting cattle inside a cattle barn","3","v2_asset_022","shot_72fddfb9-56f7-5b0f-89c7-41d572f7b6f3","0.142402321100235","1583","4458","0"
"GQ016_VISUAL_EN","GQ016","VISUAL_EN","a worker presenting cattle inside a cattle barn","4","v2_asset_023","shot_6337757d-11f0-5ec4-9271-8a0ed1f4e8c2","0.12965515255928","1417","4458","0"
"GQ016_VISUAL_EN","GQ016","VISUAL_EN","a worker presenting cattle inside a cattle barn","5","v2_asset_018","shot_ad72379a-3699-500b-b004-4e05360697bb","0.124678276479244","0","12250","0"
"GQ017_SHORT_ZH","GQ017","SHORT_ZH","母猪进食","1","v2_asset_022","shot_4610429e-fc4f-5dd7-aa1d-beb9fb0360ef","0.164328098297119","0","1583","0"
"GQ017_SHORT_ZH","GQ017","SHORT_ZH","母猪进食","2","v2_asset_004","shot_5ccb8d2e-5d7a-5667-8401-ba316562a4f4","0.163549184799194","0","4458","0"
"GQ017_SHORT_ZH","GQ017","SHORT_ZH","母猪进食","3","v2_asset_065","shot_376adfe7-08af-5363-8aae-556557a8f6ac","0.156164094805717","0","3042","0"
"GQ017_SHORT_ZH","GQ017","SHORT_ZH","母猪进食","4","v2_asset_067","shot_873d83bd-f743-5cc7-80a4-8cc18530bbcb","0.144816219806671","0","4458","0"
"GQ017_SHORT_ZH","GQ017","SHORT_ZH","母猪进食","5","v2_asset_003","shot_93c15c0d-5940-5da6-855c-211a5dfbd990","0.144019663333893","0","667","0"
"GQ017_VISUAL_ZH","GQ017","VISUAL_ZH","母猪在猪舍料槽前进食","1","v2_asset_088","shot_880d64c8-e2df-5066-b665-cc04b3daa9ff","0.160797089338303","0","5167","0"
"GQ017_VISUAL_ZH","GQ017","VISUAL_ZH","母猪在猪舍料槽前进食","2","v2_asset_069","shot_620828f6-9e38-5f07-aa14-4747d3e781fe","0.15886777639389","0","4458","0"
"GQ017_VISUAL_ZH","GQ017","VISUAL_ZH","母猪在猪舍料槽前进食","3","v2_asset_076","shot_16825787-eb7f-58eb-92ee-8b21efef2dec","0.157985121011734","0","4458","0"
"GQ017_VISUAL_ZH","GQ017","VISUAL_ZH","母猪在猪舍料槽前进食","4","v2_asset_090","shot_efb7daa5-d8c8-586b-955a-5219764a467e","0.157137811183929","0","3375","0"
"GQ017_VISUAL_ZH","GQ017","VISUAL_ZH","母猪在猪舍料槽前进食","5","v2_asset_087","shot_3a26ea25-f849-5abb-a82b-b93886be24ba","0.156826391816139","0","5167","0"
"GQ017_VISUAL_EN","GQ017","VISUAL_EN","a sow eating at a feeding trough in a pig house","1","v2_asset_078","shot_94c87db9-d0b0-5985-a75e-3b6dc8b1bb40","0.174841180443764","0","5167","0"
"GQ017_VISUAL_EN","GQ017","VISUAL_EN","a sow eating at a feeding trough in a pig house","2","v2_asset_025","shot_929d4308-3bfb-5954-abc5-db52a5434c52","0.174350529909134","0","3375","1"
"GQ017_VISUAL_EN","GQ017","VISUAL_EN","a sow eating at a feeding trough in a pig house","3","v2_asset_026","shot_6995bed5-ecc0-5db3-a12c-a6595a350db8","0.168768540024757","0","3375","0"
"GQ017_VISUAL_EN","GQ017","VISUAL_EN","a sow eating at a feeding trough in a pig house","4","v2_asset_086","shot_e8e2a932-6337-5e3d-aaae-1fe562ae1da4","0.157771185040474","0","5167","0"
"GQ017_VISUAL_EN","GQ017","VISUAL_EN","a sow eating at a feeding trough in a pig house","5","v2_asset_089","shot_91463944-a594-58ff-8dfc-905c3582a178","0.148373559117317","0","5167","0"
"GQ018_SHORT_ZH","GQ018","SHORT_ZH","母猪拒食","1","v2_asset_065","shot_376adfe7-08af-5363-8aae-556557a8f6ac","0.151412144303322","0","3042","0"
"GQ018_SHORT_ZH","GQ018","SHORT_ZH","母猪拒食","2","v2_asset_069","shot_620828f6-9e38-5f07-aa14-4747d3e781fe","0.144863501191139","0","4458","0"
"GQ018_SHORT_ZH","GQ018","SHORT_ZH","母猪拒食","3","v2_asset_072","shot_457aecbe-846f-56df-bcd9-6f80421be45f","0.142118588089943","0","7292","0"
"GQ018_SHORT_ZH","GQ018","SHORT_ZH","母猪拒食","4","v2_asset_098","shot_b6425f78-05bb-5146-9517-6e27986972be","0.13974504172802","0","3375","0"
"GQ018_SHORT_ZH","GQ018","SHORT_ZH","母猪拒食","5","v2_asset_067","shot_873d83bd-f743-5cc7-80a4-8cc18530bbcb","0.134899318218231","0","4458","0"
"GQ018_VISUAL_ZH","GQ018","VISUAL_ZH","母猪在料槽前拒绝进食或食欲不佳","1","v2_asset_065","shot_376adfe7-08af-5363-8aae-556557a8f6ac","0.159788250923157","0","3042","0"
"GQ018_VISUAL_ZH","GQ018","VISUAL_ZH","母猪在料槽前拒绝进食或食欲不佳","2","v2_asset_072","shot_457aecbe-846f-56df-bcd9-6f80421be45f","0.155897989869118","0","7292","0"
"GQ018_VISUAL_ZH","GQ018","VISUAL_ZH","母猪在料槽前拒绝进食或食欲不佳","3","v2_asset_069","shot_620828f6-9e38-5f07-aa14-4747d3e781fe","0.155400410294533","0","4458","0"
"GQ018_VISUAL_ZH","GQ018","VISUAL_ZH","母猪在料槽前拒绝进食或食欲不佳","4","v2_asset_088","shot_880d64c8-e2df-5066-b665-cc04b3daa9ff","0.150624126195908","0","5167","0"
"GQ018_VISUAL_ZH","GQ018","VISUAL_ZH","母猪在料槽前拒绝进食或食欲不佳","5","v2_asset_087","shot_3a26ea25-f849-5abb-a82b-b93886be24ba","0.149894624948502","0","5167","0"
"GQ018_VISUAL_EN","GQ018","VISUAL_EN","a sow refusing feed at a trough","1","v2_asset_025","shot_929d4308-3bfb-5954-abc5-db52a5434c52","0.173169881105423","0","3375","0"
"GQ018_VISUAL_EN","GQ018","VISUAL_EN","a sow refusing feed at a trough","2","v2_asset_026","shot_6995bed5-ecc0-5db3-a12c-a6595a350db8","0.167032033205032","0","3375","1"
"GQ018_VISUAL_EN","GQ018","VISUAL_EN","a sow refusing feed at a trough","3","v2_asset_078","shot_94c87db9-d0b0-5985-a75e-3b6dc8b1bb40","0.16548678278923","0","5167","0"
"GQ018_VISUAL_EN","GQ018","VISUAL_EN","a sow refusing feed at a trough","4","v2_asset_086","shot_e8e2a932-6337-5e3d-aaae-1fe562ae1da4","0.151064530014992","0","5167","0"
"GQ018_VISUAL_EN","GQ018","VISUAL_EN","a sow refusing feed at a trough","5","v2_asset_029","shot_7dc9d639-a1a4-5bb0-9b4a-dfe30f4cdcb5","0.149666532874107","0","3375","0"
"GQ019_SHORT_ZH","GQ019","SHORT_ZH","母猪躺卧休息","1","v2_asset_027","shot_8aeee759-ac9e-5b4c-b2b2-9b51309cbabd","0.152674585580826","0","3375","1"
"GQ019_SHORT_ZH","GQ019","SHORT_ZH","母猪躺卧休息","2","v2_asset_097","shot_f672be0d-5b63-5fe3-a2cb-ed11c560c794","0.150622993707657","0","3375","0"
"GQ019_SHORT_ZH","GQ019","SHORT_ZH","母猪躺卧休息","3","v2_asset_069","shot_620828f6-9e38-5f07-aa14-4747d3e781fe","0.145566642284393","0","4458","0"
"GQ019_SHORT_ZH","GQ019","SHORT_ZH","母猪躺卧休息","4","v2_asset_065","shot_376adfe7-08af-5363-8aae-556557a8f6ac","0.14214152097702","0","3042","0"
"GQ019_SHORT_ZH","GQ019","SHORT_ZH","母猪躺卧休息","5","v2_asset_098","shot_b6425f78-05bb-5146-9517-6e27986972be","0.140489175915718","0","3375","0"
"GQ019_VISUAL_ZH","GQ019","VISUAL_ZH","母猪在猪舍内躺卧休息","1","v2_asset_030","shot_a54d894b-32fd-5103-9f14-b6b72683dce8","0.168869197368622","0","3375","1"
"GQ019_VISUAL_ZH","GQ019","VISUAL_ZH","母猪在猪舍内躺卧休息","2","v2_asset_097","shot_f672be0d-5b63-5fe3-a2cb-ed11c560c794","0.168036505579948","0","3375","0"
"GQ019_VISUAL_ZH","GQ019","VISUAL_ZH","母猪在猪舍内躺卧休息","3","v2_asset_027","shot_8aeee759-ac9e-5b4c-b2b2-9b51309cbabd","0.16478568315506","0","3375","1"
"GQ019_VISUAL_ZH","GQ019","VISUAL_ZH","母猪在猪舍内躺卧休息","4","v2_asset_029","shot_7dc9d639-a1a4-5bb0-9b4a-dfe30f4cdcb5","0.161164864897728","0","3375","1"
"GQ019_VISUAL_ZH","GQ019","VISUAL_ZH","母猪在猪舍内躺卧休息","5","v2_asset_028","shot_5e3051d2-4991-5322-9c4f-08d04b4b0841","0.159822359681129","0","3375","1"
"GQ019_VISUAL_EN","GQ019","VISUAL_EN","a sow lying down and resting in a pig house","1","v2_asset_030","shot_a54d894b-32fd-5103-9f14-b6b72683dce8","0.169788107275963","0","3375","1"
"GQ019_VISUAL_EN","GQ019","VISUAL_EN","a sow lying down and resting in a pig house","2","v2_asset_028","shot_5e3051d2-4991-5322-9c4f-08d04b4b0841","0.165417850017548","0","3375","1"
"GQ019_VISUAL_EN","GQ019","VISUAL_EN","a sow lying down and resting in a pig house","3","v2_asset_029","shot_7dc9d639-a1a4-5bb0-9b4a-dfe30f4cdcb5","0.160822972655296","0","3375","1"
"GQ019_VISUAL_EN","GQ019","VISUAL_EN","a sow lying down and resting in a pig house","4","v2_asset_027","shot_8aeee759-ac9e-5b4c-b2b2-9b51309cbabd","0.159370765089989","0","3375","1"
"GQ019_VISUAL_EN","GQ019","VISUAL_EN","a sow lying down and resting in a pig house","5","v2_asset_097","shot_f672be0d-5b63-5fe3-a2cb-ed11c560c794","0.152915000915527","0","3375","0"
"GQ020_SHORT_ZH","GQ020","SHORT_ZH","母猪站立","1","v2_asset_069","shot_620828f6-9e38-5f07-aa14-4747d3e781fe","0.142856150865555","0","4458","0"
"GQ020_SHORT_ZH","GQ020","SHORT_ZH","母猪站立","2","v2_asset_065","shot_376adfe7-08af-5363-8aae-556557a8f6ac","0.1346395611763","0","3042","0"
"GQ020_SHORT_ZH","GQ020","SHORT_ZH","母猪站立","3","v2_asset_067","shot_873d83bd-f743-5cc7-80a4-8cc18530bbcb","0.128617271780968","0","4458","0"
"GQ020_SHORT_ZH","GQ020","SHORT_ZH","母猪站立","4","v2_asset_019","shot_3edb769c-c4d7-553f-806e-f9980d70a00a","0.125995486974716","0","12250","0"
"GQ020_SHORT_ZH","GQ020","SHORT_ZH","母猪站立","5","v2_asset_095","shot_a108abad-ebfa-560f-a25b-49e7c9c5c71f","0.124815627932549","0","10125","0"
"GQ020_VISUAL_ZH","GQ020","VISUAL_ZH","母猪在猪舍内站立","1","v2_asset_090","shot_efb7daa5-d8c8-586b-955a-5219764a467e","0.154644578695297","0","3375","0"
"GQ020_VISUAL_ZH","GQ020","VISUAL_ZH","母猪在猪舍内站立","2","v2_asset_069","shot_620828f6-9e38-5f07-aa14-4747d3e781fe","0.154462426900864","0","4458","0"
"GQ020_VISUAL_ZH","GQ020","VISUAL_ZH","母猪在猪舍内站立","3","v2_asset_032","shot_81af438a-d848-5eb3-9c3b-1a1b7a7d9a92","0.149100631475449","0","4042","1"
"GQ020_VISUAL_ZH","GQ020","VISUAL_ZH","母猪在猪舍内站立","4","v2_asset_092","shot_7927d575-a02e-5980-9b3e-66b28cf61ab7","0.148907944560051","0","3375","0"
"GQ020_VISUAL_ZH","GQ020","VISUAL_ZH","母猪在猪舍内站立","5","v2_asset_026","shot_6995bed5-ecc0-5db3-a12c-a6595a350db8","0.148076176643372","0","3375","0"
"GQ020_VISUAL_EN","GQ020","VISUAL_EN","a sow standing inside a pig house","1","v2_asset_026","shot_6995bed5-ecc0-5db3-a12c-a6595a350db8","0.163293272256851","0","3375","0"
"GQ020_VISUAL_EN","GQ020","VISUAL_EN","a sow standing inside a pig house","2","v2_asset_095","shot_a108abad-ebfa-560f-a25b-49e7c9c5c71f","0.159746319055557","0","10125","0"
"GQ020_VISUAL_EN","GQ020","VISUAL_EN","a sow standing inside a pig house","3","v2_asset_030","shot_a54d894b-32fd-5103-9f14-b6b72683dce8","0.152957171201706","0","3375","0"
"GQ020_VISUAL_EN","GQ020","VISUAL_EN","a sow standing inside a pig house","4","v2_asset_075","shot_b4916eb8-7661-5475-a689-30f1185a9fd3","0.150030463933945","0","10125","0"
"GQ020_VISUAL_EN","GQ020","VISUAL_EN","a sow standing inside a pig house","5","v2_asset_031","shot_12a335d4-5e35-5951-bd30-8b0426e8ba21","0.150028213858604","0","4042","1"
"GQ021_SHORT_ZH","GQ021","SHORT_ZH","体况偏瘦的母猪","1","v2_asset_069","shot_620828f6-9e38-5f07-aa14-4747d3e781fe","0.150268942117691","0","4458","0"
"GQ021_SHORT_ZH","GQ021","SHORT_ZH","体况偏瘦的母猪","2","v2_asset_065","shot_376adfe7-08af-5363-8aae-556557a8f6ac","0.149917528033257","0","3042","0"
"GQ021_SHORT_ZH","GQ021","SHORT_ZH","体况偏瘦的母猪","3","v2_asset_075","shot_b4916eb8-7661-5475-a689-30f1185a9fd3","0.140417039394379","0","10125","0"
"GQ021_SHORT_ZH","GQ021","SHORT_ZH","体况偏瘦的母猪","4","v2_asset_095","shot_a108abad-ebfa-560f-a25b-49e7c9c5c71f","0.138754546642303","0","10125","0"
"GQ021_SHORT_ZH","GQ021","SHORT_ZH","体况偏瘦的母猪","5","v2_asset_077","shot_aa1098f3-9ffd-5695-a3e7-740d516ce494","0.137326657772064","0","4458","0"
"GQ021_VISUAL_ZH","GQ021","VISUAL_ZH","体况偏瘦的母猪在猪舍内","1","v2_asset_069","shot_620828f6-9e38-5f07-aa14-4747d3e781fe","0.15949735045433","0","4458","0"
"GQ021_VISUAL_ZH","GQ021","VISUAL_ZH","体况偏瘦的母猪在猪舍内","2","v2_asset_088","shot_880d64c8-e2df-5066-b665-cc04b3daa9ff","0.150479108095169","0","5167","0"
"GQ021_VISUAL_ZH","GQ021","VISUAL_ZH","体况偏瘦的母猪在猪舍内","3","v2_asset_065","shot_376adfe7-08af-5363-8aae-556557a8f6ac","0.150259256362915","0","3042","0"
"GQ021_VISUAL_ZH","GQ021","VISUAL_ZH","体况偏瘦的母猪在猪舍内","4","v2_asset_087","shot_3a26ea25-f849-5abb-a82b-b93886be24ba","0.149208709597588","0","5167","0"
"GQ021_VISUAL_ZH","GQ021","VISUAL_ZH","体况偏瘦的母猪在猪舍内","5","v2_asset_076","shot_16825787-eb7f-58eb-92ee-8b21efef2dec","0.147902280092239","0","4458","0"
"GQ021_VISUAL_EN","GQ021","VISUAL_EN","a thin sow inside a pig house","1","v2_asset_026","shot_6995bed5-ecc0-5db3-a12c-a6595a350db8","0.159974634647369","0","3375","0"
"GQ021_VISUAL_EN","GQ021","VISUAL_EN","a thin sow inside a pig house","2","v2_asset_095","shot_a108abad-ebfa-560f-a25b-49e7c9c5c71f","0.158427506685257","0","10125","0"
"GQ021_VISUAL_EN","GQ021","VISUAL_EN","a thin sow inside a pig house","3","v2_asset_028","shot_5e3051d2-4991-5322-9c4f-08d04b4b0841","0.157679989933968","0","3375","0"
"GQ021_VISUAL_EN","GQ021","VISUAL_EN","a thin sow inside a pig house","4","v2_asset_075","shot_b4916eb8-7661-5475-a689-30f1185a9fd3","0.15704171359539","0","10125","0"
"GQ021_VISUAL_EN","GQ021","VISUAL_EN","a thin sow inside a pig house","5","v2_asset_030","shot_a54d894b-32fd-5103-9f14-b6b72683dce8","0.153602212667465","0","3375","1"
"GQ022_SHORT_ZH","GQ022","SHORT_ZH","体况过肥的母猪","1","v2_asset_065","shot_376adfe7-08af-5363-8aae-556557a8f6ac","0.153136357665062","0","3042","0"
"GQ022_SHORT_ZH","GQ022","SHORT_ZH","体况过肥的母猪","2","v2_asset_069","shot_620828f6-9e38-5f07-aa14-4747d3e781fe","0.151295945048332","0","4458","0"
"GQ022_SHORT_ZH","GQ022","SHORT_ZH","体况过肥的母猪","3","v2_asset_067","shot_873d83bd-f743-5cc7-80a4-8cc18530bbcb","0.141151994466782","0","4458","0"
"GQ022_SHORT_ZH","GQ022","SHORT_ZH","体况过肥的母猪","4","v2_asset_095","shot_a108abad-ebfa-560f-a25b-49e7c9c5c71f","0.139885306358337","0","10125","0"
"GQ022_SHORT_ZH","GQ022","SHORT_ZH","体况过肥的母猪","5","v2_asset_075","shot_b4916eb8-7661-5475-a689-30f1185a9fd3","0.139733031392097","0","10125","0"
"GQ022_VISUAL_ZH","GQ022","VISUAL_ZH","体况过肥的母猪在猪舍内","1","v2_asset_069","shot_620828f6-9e38-5f07-aa14-4747d3e781fe","0.158989518880844","0","4458","0"
"GQ022_VISUAL_ZH","GQ022","VISUAL_ZH","体况过肥的母猪在猪舍内","2","v2_asset_065","shot_376adfe7-08af-5363-8aae-556557a8f6ac","0.15419340133667","0","3042","0"
"GQ022_VISUAL_ZH","GQ022","VISUAL_ZH","体况过肥的母猪在猪舍内","3","v2_asset_087","shot_3a26ea25-f849-5abb-a82b-b93886be24ba","0.151765406131744","0","5167","0"
"GQ022_VISUAL_ZH","GQ022","VISUAL_ZH","体况过肥的母猪在猪舍内","4","v2_asset_088","shot_880d64c8-e2df-5066-b665-cc04b3daa9ff","0.151676148176193","0","5167","0"
"GQ022_VISUAL_ZH","GQ022","VISUAL_ZH","体况过肥的母猪在猪舍内","5","v2_asset_090","shot_efb7daa5-d8c8-586b-955a-5219764a467e","0.149638131260872","0","3375","0"
"GQ022_VISUAL_EN","GQ022","VISUAL_EN","an overweight sow inside a pig house","1","v2_asset_028","shot_5e3051d2-4991-5322-9c4f-08d04b4b0841","0.174662739038467","0","3375","0"
"GQ022_VISUAL_EN","GQ022","VISUAL_EN","an overweight sow inside a pig house","2","v2_asset_095","shot_a108abad-ebfa-560f-a25b-49e7c9c5c71f","0.159711480140686","0","10125","0"
"GQ022_VISUAL_EN","GQ022","VISUAL_EN","an overweight sow inside a pig house","3","v2_asset_026","shot_6995bed5-ecc0-5db3-a12c-a6595a350db8","0.15127369761467","0","3375","0"
"GQ022_VISUAL_EN","GQ022","VISUAL_EN","an overweight sow inside a pig house","4","v2_asset_075","shot_b4916eb8-7661-5475-a689-30f1185a9fd3","0.15088826417923","0","10125","0"
"GQ022_VISUAL_EN","GQ022","VISUAL_EN","an overweight sow inside a pig house","5","v2_asset_033","shot_281e3d29-0958-5c74-bbd8-842c258a0b34","0.149233356118202","0","4042","0"
"GQ023_SHORT_ZH","GQ023","SHORT_ZH","产房里的仔猪","1","v2_asset_065","shot_376adfe7-08af-5363-8aae-556557a8f6ac","0.161711975932121","0","3042","0"
"GQ023_SHORT_ZH","GQ023","SHORT_ZH","产房里的仔猪","2","v2_asset_069","shot_620828f6-9e38-5f07-aa14-4747d3e781fe","0.154797822237015","0","4458","0"
"GQ023_SHORT_ZH","GQ023","SHORT_ZH","产房里的仔猪","3","v2_asset_077","shot_aa1098f3-9ffd-5695-a3e7-740d516ce494","0.149254605174065","0","4458","0"
"GQ023_SHORT_ZH","GQ023","SHORT_ZH","产房里的仔猪","4","v2_asset_072","shot_457aecbe-846f-56df-bcd9-6f80421be45f","0.147990673780441","0","7292","1"
"GQ023_SHORT_ZH","GQ023","SHORT_ZH","产房里的仔猪","5","v2_asset_064","shot_188cb2c1-a810-5655-a887-7bba58701756","0.14731353521347","0","4042","0"
"GQ023_VISUAL_ZH","GQ023","VISUAL_ZH","仔猪在产房栏位内活动","1","v2_asset_065","shot_376adfe7-08af-5363-8aae-556557a8f6ac","0.160152047872543","0","3042","0"
"GQ023_VISUAL_ZH","GQ023","VISUAL_ZH","仔猪在产房栏位内活动","2","v2_asset_069","shot_620828f6-9e38-5f07-aa14-4747d3e781fe","0.154514655470848","0","4458","0"
"GQ023_VISUAL_ZH","GQ023","VISUAL_ZH","仔猪在产房栏位内活动","3","v2_asset_064","shot_188cb2c1-a810-5655-a887-7bba58701756","0.148947641253471","0","4042","0"
"GQ023_VISUAL_ZH","GQ023","VISUAL_ZH","仔猪在产房栏位内活动","4","v2_asset_072","shot_457aecbe-846f-56df-bcd9-6f80421be45f","0.148012399673462","0","7292","1"
"GQ023_VISUAL_ZH","GQ023","VISUAL_ZH","仔猪在产房栏位内活动","5","v2_asset_067","shot_873d83bd-f743-5cc7-80a4-8cc18530bbcb","0.147360846400261","0","4458","0"
"GQ023_VISUAL_EN","GQ023","VISUAL_EN","piglets moving inside a farrowing room pen","1","v2_asset_069","shot_620828f6-9e38-5f07-aa14-4747d3e781fe","0.156699180603027","0","4458","0"
"GQ023_VISUAL_EN","GQ023","VISUAL_EN","piglets moving inside a farrowing room pen","2","v2_asset_089","shot_91463944-a594-58ff-8dfc-905c3582a178","0.153343364596367","0","5167","0"
"GQ023_VISUAL_EN","GQ023","VISUAL_EN","piglets moving inside a farrowing room pen","3","v2_asset_065","shot_376adfe7-08af-5363-8aae-556557a8f6ac","0.150198772549629","0","3042","0"
"GQ023_VISUAL_EN","GQ023","VISUAL_EN","piglets moving inside a farrowing room pen","4","v2_asset_064","shot_188cb2c1-a810-5655-a887-7bba58701756","0.150053396821022","0","4042","0"
"GQ023_VISUAL_EN","GQ023","VISUAL_EN","piglets moving inside a farrowing room pen","5","v2_asset_077","shot_aa1098f3-9ffd-5695-a3e7-740d516ce494","0.14660581946373","0","4458","0"
"GQ024_SHORT_ZH","GQ024","SHORT_ZH","户外活动的仔猪","1","v2_asset_013","shot_780c7ce8-7166-5a06-8788-a4169edcc95e","0.135356590151787","0","4458","0"
"GQ024_SHORT_ZH","GQ024","SHORT_ZH","户外活动的仔猪","2","v2_asset_084","shot_c66c5bd2-25c8-562e-ac29-3c88c847f8c6","0.130708113312721","0","5167","0"
"GQ024_SHORT_ZH","GQ024","SHORT_ZH","户外活动的仔猪","3","v2_asset_079","shot_b3c73850-2459-5347-a74f-e1d3f0c31183","0.121105469763279","0","5167","0"
"GQ024_SHORT_ZH","GQ024","SHORT_ZH","户外活动的仔猪","4","v2_asset_065","shot_376adfe7-08af-5363-8aae-556557a8f6ac","0.120506629347801","0","3042","0"
"GQ024_SHORT_ZH","GQ024","SHORT_ZH","户外活动的仔猪","5","v2_asset_027","shot_8aeee759-ac9e-5b4c-b2b2-9b51309cbabd","0.119688175618649","0","3375","0"
"GQ024_VISUAL_ZH","GQ024","VISUAL_ZH","一群仔猪在户外草地或户外猪舍活动","1","v2_asset_013","shot_780c7ce8-7166-5a06-8788-a4169edcc95e","0.15229956805706","0","4458","0"
"GQ024_VISUAL_ZH","GQ024","VISUAL_ZH","一群仔猪在户外草地或户外猪舍活动","2","v2_asset_074","shot_283a57e1-465f-5cc3-873d-906824a3ed31","0.140545234084129","0","4458","1"
"GQ024_VISUAL_ZH","GQ024","VISUAL_ZH","一群仔猪在户外草地或户外猪舍活动","3","v2_asset_084","shot_c66c5bd2-25c8-562e-ac29-3c88c847f8c6","0.139520674943924","0","5167","0"
"GQ024_VISUAL_ZH","GQ024","VISUAL_ZH","一群仔猪在户外草地或户外猪舍活动","4","v2_asset_076","shot_16825787-eb7f-58eb-92ee-8b21efef2dec","0.133493334054947","0","4458","0"
"GQ024_VISUAL_ZH","GQ024","VISUAL_ZH","一群仔猪在户外草地或户外猪舍活动","5","v2_asset_065","shot_376adfe7-08af-5363-8aae-556557a8f6ac","0.133126273751259","0","3042","0"
"GQ024_VISUAL_EN","GQ024","VISUAL_EN","a group of piglets moving outdoors","1","v2_asset_074","shot_283a57e1-465f-5cc3-873d-906824a3ed31","0.154140055179596","0","4458","1"
"GQ024_VISUAL_EN","GQ024","VISUAL_EN","a group of piglets moving outdoors","2","v2_asset_065","shot_376adfe7-08af-5363-8aae-556557a8f6ac","0.140267252922058","0","3042","0"
"GQ024_VISUAL_EN","GQ024","VISUAL_EN","a group of piglets moving outdoors","3","v2_asset_073","shot_16cec16a-6c5f-5155-8d49-cd80ef56f709","0.136388838291168","0","4458","1"
"GQ024_VISUAL_EN","GQ024","VISUAL_EN","a group of piglets moving outdoors","4","v2_asset_066","shot_f2b88bc2-f4d8-5e26-a6ce-42b04ba64b14","0.133985966444016","0","4458","0"
"GQ024_VISUAL_EN","GQ024","VISUAL_EN","a group of piglets moving outdoors","5","v2_asset_013","shot_780c7ce8-7166-5a06-8788-a4169edcc95e","0.132778644561768","0","4458","0"
"GQ025_SHORT_ZH","GQ025","SHORT_ZH","羊羔群体","1","v2_asset_063","shot_36d98bad-b957-5b62-b35e-d2af9f8fb6db","0.132653459906578","0","4458","1"
"GQ025_SHORT_ZH","GQ025","SHORT_ZH","羊羔群体","2","v2_asset_062","shot_5dd1e777-ea05-5708-9180-884626898d4c","0.129379630088806","0","5167","0"
"GQ025_SHORT_ZH","GQ025","SHORT_ZH","羊羔群体","3","v2_asset_059","shot_caaa225b-1cd1-53ba-9543-130496340279","0.12814849615097","0","5167","0"
"GQ025_SHORT_ZH","GQ025","SHORT_ZH","羊羔群体","4","v2_asset_051","shot_de5919e9-adb2-5922-8316-fd803e9a2584","0.12152624130249","0","5167","0"
"GQ025_SHORT_ZH","GQ025","SHORT_ZH","羊羔群体","5","v2_asset_056","shot_e77b7f5b-095f-599e-b0bd-6d5c61d03ca8","0.119690030813217","0","5167","0"
"GQ025_VISUAL_ZH","GQ025","VISUAL_ZH","一群幼羊或羊羔在羊舍内活动","1","v2_asset_063","shot_36d98bad-b957-5b62-b35e-d2af9f8fb6db","0.145590618252754","0","4458","1"
"GQ025_VISUAL_ZH","GQ025","VISUAL_ZH","一群幼羊或羊羔在羊舍内活动","2","v2_asset_057","shot_639ec7a9-992b-516b-87ff-3ad57e1fb639","0.145465061068535","0","5167","0"
"GQ025_VISUAL_ZH","GQ025","VISUAL_ZH","一群幼羊或羊羔在羊舍内活动","3","v2_asset_059","shot_caaa225b-1cd1-53ba-9543-130496340279","0.145095676183701","0","5167","0"
"GQ025_VISUAL_ZH","GQ025","VISUAL_ZH","一群幼羊或羊羔在羊舍内活动","4","v2_asset_062","shot_5dd1e777-ea05-5708-9180-884626898d4c","0.141895890235901","0","5167","0"
"GQ025_VISUAL_ZH","GQ025","VISUAL_ZH","一群幼羊或羊羔在羊舍内活动","5","v2_asset_056","shot_e77b7f5b-095f-599e-b0bd-6d5c61d03ca8","0.133835852146149","0","5167","0"
"GQ025_VISUAL_EN","GQ025","VISUAL_EN","a group of lambs moving inside a sheep barn","1","v2_asset_052","shot_95e06ae2-ea74-5423-b472-1b76a0792501","0.159538879990578","0","5167","0"
"GQ025_VISUAL_EN","GQ025","VISUAL_EN","a group of lambs moving inside a sheep barn","2","v2_asset_062","shot_5dd1e777-ea05-5708-9180-884626898d4c","0.143245294690132","0","5167","0"
"GQ025_VISUAL_EN","GQ025","VISUAL_EN","a group of lambs moving inside a sheep barn","3","v2_asset_057","shot_639ec7a9-992b-516b-87ff-3ad57e1fb639","0.142061397433281","0","5167","0"
"GQ025_VISUAL_EN","GQ025","VISUAL_EN","a group of lambs moving inside a sheep barn","4","v2_asset_063","shot_36d98bad-b957-5b62-b35e-d2af9f8fb6db","0.139834567904472","0","4458","1"
"GQ025_VISUAL_EN","GQ025","VISUAL_EN","a group of lambs moving inside a sheep barn","5","v2_asset_059","shot_caaa225b-1cd1-53ba-9543-130496340279","0.131278932094574","0","5167","0"
"GQ026_SHORT_ZH","GQ026","SHORT_ZH","鸭群活动","1","v2_asset_048","shot_7b6bbe62-3cad-55de-896a-0808893dd118","0.126521319150925","0","3042","1"
"GQ026_SHORT_ZH","GQ026","SHORT_ZH","鸭群活动","2","v2_asset_049","shot_7715ffba-174e-52d2-9146-8480114010fe","0.122189074754715","0","3042","1"
"GQ026_SHORT_ZH","GQ026","SHORT_ZH","鸭群活动","3","v2_asset_050","shot_f9b49789-12a9-5154-bc20-0b7e3b6ebe78","0.106195278465748","0","3042","1"
"GQ026_SHORT_ZH","GQ026","SHORT_ZH","鸭群活动","4","v2_asset_047","shot_f9c68917-1987-5e20-bb37-1c66d066d42d","0.102137453854084","0","3042","1"
"GQ026_SHORT_ZH","GQ026","SHORT_ZH","鸭群活动","5","v2_asset_065","shot_376adfe7-08af-5363-8aae-556557a8f6ac","0.0876779481768608","0","3042","0"
"GQ026_VISUAL_ZH","GQ026","VISUAL_ZH","鸭在户外或鸭舍内成群活动","1","v2_asset_048","shot_7b6bbe62-3cad-55de-896a-0808893dd118","0.152742773294449","0","3042","1"
"GQ026_VISUAL_ZH","GQ026","VISUAL_ZH","鸭在户外或鸭舍内成群活动","2","v2_asset_049","shot_7715ffba-174e-52d2-9146-8480114010fe","0.14755642414093","0","3042","1"
"GQ026_VISUAL_ZH","GQ026","VISUAL_ZH","鸭在户外或鸭舍内成群活动","3","v2_asset_050","shot_f9b49789-12a9-5154-bc20-0b7e3b6ebe78","0.134856671094894","0","3042","1"
"GQ026_VISUAL_ZH","GQ026","VISUAL_ZH","鸭在户外或鸭舍内成群活动","4","v2_asset_047","shot_f9c68917-1987-5e20-bb37-1c66d066d42d","0.124774783849716","0","3042","1"
"GQ026_VISUAL_ZH","GQ026","VISUAL_ZH","鸭在户外或鸭舍内成群活动","5","v2_asset_003","shot_3e450a88-cc9b-56d9-8f29-7f72c9d68e76","0.112033247947693","667","4458","0"
"GQ026_VISUAL_EN","GQ026","VISUAL_EN","ducks moving as a group outdoors or in a duck house","1","v2_asset_049","shot_7715ffba-174e-52d2-9146-8480114010fe","0.151648476719856","0","3042","1"
"GQ026_VISUAL_EN","GQ026","VISUAL_EN","ducks moving as a group outdoors or in a duck house","2","v2_asset_050","shot_f9b49789-12a9-5154-bc20-0b7e3b6ebe78","0.128444135189056","0","3042","1"
"GQ026_VISUAL_EN","GQ026","VISUAL_EN","ducks moving as a group outdoors or in a duck house","3","v2_asset_047","shot_f9c68917-1987-5e20-bb37-1c66d066d42d","0.111654832959175","0","3042","1"
"GQ026_VISUAL_EN","GQ026","VISUAL_EN","ducks moving as a group outdoors or in a duck house","4","v2_asset_048","shot_7b6bbe62-3cad-55de-896a-0808893dd118","0.0961431935429573","0","3042","1"
"GQ026_VISUAL_EN","GQ026","VISUAL_EN","ducks moving as a group outdoors or in a duck house","5","v2_asset_021","shot_1b2da058-66f1-504d-9121-980977eac093","0.0718002319335938","0","5167","0"
"GQ027_SHORT_ZH","GQ027","SHORT_ZH","猪舍风机","1","v2_asset_091","shot_c173fa54-c2d8-50dd-82fd-1287562e10b6","0.143305197358131","0","3375","1"
"GQ027_SHORT_ZH","GQ027","SHORT_ZH","猪舍风机","2","v2_asset_076","shot_16825787-eb7f-58eb-92ee-8b21efef2dec","0.127217948436737","0","4458","0"
"GQ027_SHORT_ZH","GQ027","SHORT_ZH","猪舍风机","3","v2_asset_092","shot_7927d575-a02e-5980-9b3e-66b28cf61ab7","0.122908569872379","0","3375","0"
"GQ027_SHORT_ZH","GQ027","SHORT_ZH","猪舍风机","4","v2_asset_090","shot_efb7daa5-d8c8-586b-955a-5219764a467e","0.120277866721153","0","3375","0"
"GQ027_SHORT_ZH","GQ027","SHORT_ZH","猪舍风机","5","v2_asset_088","shot_880d64c8-e2df-5066-b665-cc04b3daa9ff","0.118449509143829","0","5167","0"
"GQ027_VISUAL_ZH","GQ027","VISUAL_ZH","猪舍内可以看到通风风机","1","v2_asset_091","shot_c173fa54-c2d8-50dd-82fd-1287562e10b6","0.158524006605148","0","3375","1"
"GQ027_VISUAL_ZH","GQ027","VISUAL_ZH","猪舍内可以看到通风风机","2","v2_asset_092","shot_7927d575-a02e-5980-9b3e-66b28cf61ab7","0.137382104992867","0","3375","0"
"GQ027_VISUAL_ZH","GQ027","VISUAL_ZH","猪舍内可以看到通风风机","3","v2_asset_090","shot_efb7daa5-d8c8-586b-955a-5219764a467e","0.137087255716324","0","3375","0"
"GQ027_VISUAL_ZH","GQ027","VISUAL_ZH","猪舍内可以看到通风风机","4","v2_asset_076","shot_16825787-eb7f-58eb-92ee-8b21efef2dec","0.136230170726776","0","4458","0"
"GQ027_VISUAL_ZH","GQ027","VISUAL_ZH","猪舍内可以看到通风风机","5","v2_asset_099","shot_cfaa895f-7061-53e8-9b4c-ff1fa900713b","0.128597423434258","0","3375","0"
"GQ027_VISUAL_EN","GQ027","VISUAL_EN","a ventilation fan visible inside a pig house","1","v2_asset_091","shot_c173fa54-c2d8-50dd-82fd-1287562e10b6","0.167440071702003","0","3375","1"
"GQ027_VISUAL_EN","GQ027","VISUAL_EN","a ventilation fan visible inside a pig house","2","v2_asset_092","shot_7927d575-a02e-5980-9b3e-66b28cf61ab7","0.136871382594109","0","3375","0"
"GQ027_VISUAL_EN","GQ027","VISUAL_EN","a ventilation fan visible inside a pig house","3","v2_asset_099","shot_cfaa895f-7061-53e8-9b4c-ff1fa900713b","0.135373815894127","0","3375","0"
"GQ027_VISUAL_EN","GQ027","VISUAL_EN","a ventilation fan visible inside a pig house","4","v2_asset_029","shot_7dc9d639-a1a4-5bb0-9b4a-dfe30f4cdcb5","0.130654990673065","0","3375","0"
"GQ027_VISUAL_EN","GQ027","VISUAL_EN","a ventilation fan visible inside a pig house","5","v2_asset_030","shot_a54d894b-32fd-5103-9f14-b6b72683dce8","0.12935796380043","0","3375","0"
"GQ028_SHORT_ZH","GQ028","SHORT_ZH","猪舍环境控制屏","1","v2_asset_092","shot_7927d575-a02e-5980-9b3e-66b28cf61ab7","0.169509902596474","0","3375","1"
"GQ028_SHORT_ZH","GQ028","SHORT_ZH","猪舍环境控制屏","2","v2_asset_091","shot_c173fa54-c2d8-50dd-82fd-1287562e10b6","0.145472466945648","0","3375","0"
"GQ028_SHORT_ZH","GQ028","SHORT_ZH","猪舍环境控制屏","3","v2_asset_090","shot_efb7daa5-d8c8-586b-955a-5219764a467e","0.137610569596291","0","3375","0"
"GQ028_SHORT_ZH","GQ028","SHORT_ZH","猪舍环境控制屏","4","v2_asset_003","shot_3e450a88-cc9b-56d9-8f29-7f72c9d68e76","0.135220870375633","667","4458","0"
"GQ028_SHORT_ZH","GQ028","SHORT_ZH","猪舍环境控制屏","5","v2_asset_022","shot_72fddfb9-56f7-5b0f-89c7-41d572f7b6f3","0.134717673063278","1583","4458","0"
"GQ028_VISUAL_ZH","GQ028","VISUAL_ZH","猪舍内可以看到环境控制屏或控制设备","1","v2_asset_092","shot_7927d575-a02e-5980-9b3e-66b28cf61ab7","0.173900008201599","0","3375","1"
"GQ028_VISUAL_ZH","GQ028","VISUAL_ZH","猪舍内可以看到环境控制屏或控制设备","2","v2_asset_091","shot_c173fa54-c2d8-50dd-82fd-1287562e10b6","0.149011090397835","0","3375","0"
"GQ028_VISUAL_ZH","GQ028","VISUAL_ZH","猪舍内可以看到环境控制屏或控制设备","3","v2_asset_090","shot_efb7daa5-d8c8-586b-955a-5219764a467e","0.144079223275185","0","3375","0"
"GQ028_VISUAL_ZH","GQ028","VISUAL_ZH","猪舍内可以看到环境控制屏或控制设备","4","v2_asset_076","shot_16825787-eb7f-58eb-92ee-8b21efef2dec","0.135204970836639","0","4458","0"
"GQ028_VISUAL_ZH","GQ028","VISUAL_ZH","猪舍内可以看到环境控制屏或控制设备","5","v2_asset_099","shot_cfaa895f-7061-53e8-9b4c-ff1fa900713b","0.13386282324791","0","3375","0"
"GQ028_VISUAL_EN","GQ028","VISUAL_EN","an environmental control screen inside a pig house","1","v2_asset_092","shot_7927d575-a02e-5980-9b3e-66b28cf61ab7","0.167681366205215","0","3375","1"
"GQ028_VISUAL_EN","GQ028","VISUAL_EN","an environmental control screen inside a pig house","2","v2_asset_091","shot_c173fa54-c2d8-50dd-82fd-1287562e10b6","0.156566679477692","0","3375","0"
"GQ028_VISUAL_EN","GQ028","VISUAL_EN","an environmental control screen inside a pig house","3","v2_asset_099","shot_cfaa895f-7061-53e8-9b4c-ff1fa900713b","0.145080253481865","0","3375","0"
"GQ028_VISUAL_EN","GQ028","VISUAL_EN","an environmental control screen inside a pig house","4","v2_asset_088","shot_880d64c8-e2df-5066-b665-cc04b3daa9ff","0.142418757081032","0","5167","0"
"GQ028_VISUAL_EN","GQ028","VISUAL_EN","an environmental control screen inside a pig house","5","v2_asset_090","shot_efb7daa5-d8c8-586b-955a-5219764a467e","0.141945913434029","0","3375","0"
"GQ029_SHORT_ZH","GQ029","SHORT_ZH","明亮猪舍采光","1","v2_asset_090","shot_efb7daa5-d8c8-586b-955a-5219764a467e","0.152337417006493","0","3375","1"
"GQ029_SHORT_ZH","GQ029","SHORT_ZH","明亮猪舍采光","2","v2_asset_092","shot_7927d575-a02e-5980-9b3e-66b28cf61ab7","0.151271432638168","0","3375","0"
"GQ029_SHORT_ZH","GQ029","SHORT_ZH","明亮猪舍采光","3","v2_asset_076","shot_16825787-eb7f-58eb-92ee-8b21efef2dec","0.149024158716202","0","4458","0"
"GQ029_SHORT_ZH","GQ029","SHORT_ZH","明亮猪舍采光","4","v2_asset_099","shot_cfaa895f-7061-53e8-9b4c-ff1fa900713b","0.146682530641556","0","3375","0"
"GQ029_SHORT_ZH","GQ029","SHORT_ZH","明亮猪舍采光","5","v2_asset_001","shot_c54872c4-f4a1-55a7-80cd-646d7a47eeaf","0.146607041358948","0","5167","0"
"GQ029_VISUAL_ZH","GQ029","VISUAL_ZH","采光明亮的猪舍环境中有猪活动","1","v2_asset_013","shot_780c7ce8-7166-5a06-8788-a4169edcc95e","0.155669823288918","0","4458","0"
"GQ029_VISUAL_ZH","GQ029","VISUAL_ZH","采光明亮的猪舍环境中有猪活动","2","v2_asset_001","shot_c54872c4-f4a1-55a7-80cd-646d7a47eeaf","0.154608488082886","0","5167","0"
"GQ029_VISUAL_ZH","GQ029","VISUAL_ZH","采光明亮的猪舍环境中有猪活动","3","v2_asset_004","shot_5ccb8d2e-5d7a-5667-8401-ba316562a4f4","0.153082460165024","0","4458","0"
"GQ029_VISUAL_ZH","GQ029","VISUAL_ZH","采光明亮的猪舍环境中有猪活动","4","v2_asset_076","shot_16825787-eb7f-58eb-92ee-8b21efef2dec","0.152316763997078","0","4458","0"
"GQ029_VISUAL_ZH","GQ029","VISUAL_ZH","采光明亮的猪舍环境中有猪活动","5","v2_asset_022","shot_72fddfb9-56f7-5b0f-89c7-41d572f7b6f3","0.150295794010162","1583","4458","0"
"GQ029_VISUAL_EN","GQ029","VISUAL_EN","pigs inside a brightly lit pig house","1","v2_asset_099","shot_cfaa895f-7061-53e8-9b4c-ff1fa900713b","0.166220784187317","0","3375","0"
"GQ029_VISUAL_EN","GQ029","VISUAL_EN","pigs inside a brightly lit pig house","2","v2_asset_032","shot_81af438a-d848-5eb3-9c3b-1a1b7a7d9a92","0.160572737455368","0","4042","0"
"GQ029_VISUAL_EN","GQ029","VISUAL_EN","pigs inside a brightly lit pig house","3","v2_asset_090","shot_efb7daa5-d8c8-586b-955a-5219764a467e","0.146588325500488","0","3375","1"
"GQ029_VISUAL_EN","GQ029","VISUAL_EN","pigs inside a brightly lit pig house","4","v2_asset_092","shot_7927d575-a02e-5980-9b3e-66b28cf61ab7","0.145890980958939","0","3375","0"
"GQ029_VISUAL_EN","GQ029","VISUAL_EN","pigs inside a brightly lit pig house","5","v2_asset_087","shot_3a26ea25-f849-5abb-a82b-b93886be24ba","0.145410433411598","0","5167","0"
"GQ030_SHORT_ZH","GQ030","SHORT_ZH","空猪栏","1","v2_asset_004","shot_5ccb8d2e-5d7a-5667-8401-ba316562a4f4","0.12308594584465","0","4458","0"
"GQ030_SHORT_ZH","GQ030","SHORT_ZH","空猪栏","2","v2_asset_072","shot_457aecbe-846f-56df-bcd9-6f80421be45f","0.11869041621685","0","7292","0"
"GQ030_SHORT_ZH","GQ030","SHORT_ZH","空猪栏","3","v2_asset_076","shot_16825787-eb7f-58eb-92ee-8b21efef2dec","0.117669001221657","0","4458","0"
"GQ030_SHORT_ZH","GQ030","SHORT_ZH","空猪栏","4","v2_asset_065","shot_376adfe7-08af-5363-8aae-556557a8f6ac","0.11584759503603","0","3042","0"
"GQ030_SHORT_ZH","GQ030","SHORT_ZH","空猪栏","5","v2_asset_027","shot_8aeee759-ac9e-5b4c-b2b2-9b51309cbabd","0.112578310072422","0","3375","0"
"GQ030_VISUAL_ZH","GQ030","VISUAL_ZH","干净、没有猪的空栏位或空猪舍","1","v2_asset_076","shot_16825787-eb7f-58eb-92ee-8b21efef2dec","0.151399001479149","0","4458","0"
"GQ030_VISUAL_ZH","GQ030","VISUAL_ZH","干净、没有猪的空栏位或空猪舍","2","v2_asset_090","shot_efb7daa5-d8c8-586b-955a-5219764a467e","0.150371193885803","0","3375","0"
"GQ030_VISUAL_ZH","GQ030","VISUAL_ZH","干净、没有猪的空栏位或空猪舍","3","v2_asset_001","shot_c54872c4-f4a1-55a7-80cd-646d7a47eeaf","0.147698283195496","0","5167","0"
"GQ030_VISUAL_ZH","GQ030","VISUAL_ZH","干净、没有猪的空栏位或空猪舍","4","v2_asset_088","shot_880d64c8-e2df-5066-b665-cc04b3daa9ff","0.1456218957901","0","5167","0"
"GQ030_VISUAL_ZH","GQ030","VISUAL_ZH","干净、没有猪的空栏位或空猪舍","5","v2_asset_072","shot_457aecbe-846f-56df-bcd9-6f80421be45f","0.145538449287415","0","7292","0"
"GQ030_VISUAL_EN","GQ030","VISUAL_EN","a clean empty pig pen with no pigs","1","v2_asset_099","shot_cfaa895f-7061-53e8-9b4c-ff1fa900713b","0.149977564811707","0","3375","0"
"GQ030_VISUAL_EN","GQ030","VISUAL_EN","a clean empty pig pen with no pigs","2","v2_asset_090","shot_efb7daa5-d8c8-586b-955a-5219764a467e","0.141900599002838","0","3375","0"
"GQ030_VISUAL_EN","GQ030","VISUAL_EN","a clean empty pig pen with no pigs","3","v2_asset_088","shot_880d64c8-e2df-5066-b665-cc04b3daa9ff","0.139643490314484","0","5167","0"
"GQ030_VISUAL_EN","GQ030","VISUAL_EN","a clean empty pig pen with no pigs","4","v2_asset_001","shot_c54872c4-f4a1-55a7-80cd-646d7a47eeaf","0.139543607831001","0","5167","0"
"GQ030_VISUAL_EN","GQ030","VISUAL_EN","a clean empty pig pen with no pigs","5","v2_asset_076","shot_16825787-eb7f-58eb-92ee-8b21efef2dec","0.138766050338745","0","4458","0"
"GQ031_SHORT_ZH","GQ031","SHORT_ZH","猪躺卧休息","1","v2_asset_027","shot_8aeee759-ac9e-5b4c-b2b2-9b51309cbabd","0.149240672588348","0","3375","0"
"GQ031_SHORT_ZH","GQ031","SHORT_ZH","猪躺卧休息","2","v2_asset_030","shot_a54d894b-32fd-5103-9f14-b6b72683dce8","0.136742055416107","0","3375","0"
"GQ031_SHORT_ZH","GQ031","SHORT_ZH","猪躺卧休息","3","v2_asset_028","shot_5e3051d2-4991-5322-9c4f-08d04b4b0841","0.13613273203373","0","3375","0"
"GQ031_SHORT_ZH","GQ031","SHORT_ZH","猪躺卧休息","4","v2_asset_097","shot_f672be0d-5b63-5fe3-a2cb-ed11c560c794","0.135398536920547","0","3375","1"
"GQ031_SHORT_ZH","GQ031","SHORT_ZH","猪躺卧休息","5","v2_asset_098","shot_b6425f78-05bb-5146-9517-6e27986972be","0.134407520294189","0","3375","1"
"GQ031_VISUAL_ZH","GQ031","VISUAL_ZH","猪在猪舍内躺卧或安静休息","1","v2_asset_030","shot_a54d894b-32fd-5103-9f14-b6b72683dce8","0.170083552598953","0","3375","0"
"GQ031_VISUAL_ZH","GQ031","VISUAL_ZH","猪在猪舍内躺卧或安静休息","2","v2_asset_097","shot_f672be0d-5b63-5fe3-a2cb-ed11c560c794","0.169958367943764","0","3375","1"
"GQ031_VISUAL_ZH","GQ031","VISUAL_ZH","猪在猪舍内躺卧或安静休息","3","v2_asset_027","shot_8aeee759-ac9e-5b4c-b2b2-9b51309cbabd","0.167947858572006","0","3375","0"
"GQ031_VISUAL_ZH","GQ031","VISUAL_ZH","猪在猪舍内躺卧或安静休息","4","v2_asset_028","shot_5e3051d2-4991-5322-9c4f-08d04b4b0841","0.163743183016777","0","3375","0"
"GQ031_VISUAL_ZH","GQ031","VISUAL_ZH","猪在猪舍内躺卧或安静休息","5","v2_asset_099","shot_cfaa895f-7061-53e8-9b4c-ff1fa900713b","0.16192914545536","0","3375","0"
"GQ031_VISUAL_EN","GQ031","VISUAL_EN","pigs lying down or resting inside a pig house","1","v2_asset_097","shot_f672be0d-5b63-5fe3-a2cb-ed11c560c794","0.165234729647636","0","3375","1"
"GQ031_VISUAL_EN","GQ031","VISUAL_EN","pigs lying down or resting inside a pig house","2","v2_asset_099","shot_cfaa895f-7061-53e8-9b4c-ff1fa900713b","0.149015098810196","0","3375","0"
"GQ031_VISUAL_EN","GQ031","VISUAL_EN","pigs lying down or resting inside a pig house","3","v2_asset_029","shot_7dc9d639-a1a4-5bb0-9b4a-dfe30f4cdcb5","0.147195249795914","0","3375","0"
"GQ031_VISUAL_EN","GQ031","VISUAL_EN","pigs lying down or resting inside a pig house","4","v2_asset_030","shot_a54d894b-32fd-5103-9f14-b6b72683dce8","0.145711630582809","0","3375","0"
"GQ031_VISUAL_EN","GQ031","VISUAL_EN","pigs lying down or resting inside a pig house","5","v2_asset_028","shot_5e3051d2-4991-5322-9c4f-08d04b4b0841","0.138804078102112","0","3375","0"
"GQ032_SHORT_ZH","GQ032","SHORT_ZH","猪在猪舍饮水槽喝水","1","v2_asset_088","shot_880d64c8-e2df-5066-b665-cc04b3daa9ff","0.165548771619797","0","5167","1"
"GQ032_SHORT_ZH","GQ032","SHORT_ZH","猪在猪舍饮水槽喝水","2","v2_asset_086","shot_e8e2a932-6337-5e3d-aaae-1fe562ae1da4","0.164217412471771","0","5167","1"
"GQ032_SHORT_ZH","GQ032","SHORT_ZH","猪在猪舍饮水槽喝水","3","v2_asset_085","shot_a69359d9-131a-5741-b0c6-48c5f110cb46","0.160272240638733","0","5167","0"
"GQ032_SHORT_ZH","GQ032","SHORT_ZH","猪在猪舍饮水槽喝水","4","v2_asset_087","shot_3a26ea25-f849-5abb-a82b-b93886be24ba","0.15806782245636","0","5167","1"
"GQ032_SHORT_ZH","GQ032","SHORT_ZH","猪在猪舍饮水槽喝水","5","v2_asset_072","shot_457aecbe-846f-56df-bcd9-6f80421be45f","0.158049046993256","0","7292","0"
"GQ032_VISUAL_ZH","GQ032","VISUAL_ZH","猪在猪舍内的饮水槽前喝水","1","v2_asset_088","shot_880d64c8-e2df-5066-b665-cc04b3daa9ff","0.168667912483215","0","5167","1"
"GQ032_VISUAL_ZH","GQ032","VISUAL_ZH","猪在猪舍内的饮水槽前喝水","2","v2_asset_086","shot_e8e2a932-6337-5e3d-aaae-1fe562ae1da4","0.168447896838188","0","5167","1"
"GQ032_VISUAL_ZH","GQ032","VISUAL_ZH","猪在猪舍内的饮水槽前喝水","3","v2_asset_085","shot_a69359d9-131a-5741-b0c6-48c5f110cb46","0.163922190666199","0","5167","0"
"GQ032_VISUAL_ZH","GQ032","VISUAL_ZH","猪在猪舍内的饮水槽前喝水","4","v2_asset_072","shot_457aecbe-846f-56df-bcd9-6f80421be45f","0.160153433680534","0","7292","0"
"GQ032_VISUAL_ZH","GQ032","VISUAL_ZH","猪在猪舍内的饮水槽前喝水","5","v2_asset_087","shot_3a26ea25-f849-5abb-a82b-b93886be24ba","0.160000294446945","0","5167","1"
"GQ032_VISUAL_EN","GQ032","VISUAL_EN","pigs drinking from a water trough inside a pig house","1","v2_asset_088","shot_880d64c8-e2df-5066-b665-cc04b3daa9ff","0.175251960754395","0","5167","1"
"GQ032_VISUAL_EN","GQ032","VISUAL_EN","pigs drinking from a water trough inside a pig house","2","v2_asset_086","shot_e8e2a932-6337-5e3d-aaae-1fe562ae1da4","0.173781007528305","0","5167","1"
"GQ032_VISUAL_EN","GQ032","VISUAL_EN","pigs drinking from a water trough inside a pig house","3","v2_asset_089","shot_91463944-a594-58ff-8dfc-905c3582a178","0.16541114449501","0","5167","0"
"GQ032_VISUAL_EN","GQ032","VISUAL_EN","pigs drinking from a water trough inside a pig house","4","v2_asset_087","shot_3a26ea25-f849-5abb-a82b-b93886be24ba","0.160286501049995","0","5167","1"
"GQ032_VISUAL_EN","GQ032","VISUAL_EN","pigs drinking from a water trough inside a pig house","5","v2_asset_031","shot_12a335d4-5e35-5951-bd30-8b0426e8ba21","0.159750163555145","0","4042","0"
"GQ033_SHORT_ZH","GQ033","SHORT_ZH","牛在牛舍水槽喝水","1","v2_asset_044","shot_dabf5b72-08e4-5d9e-b136-61ffcc8a3e3e","0.182610481977463","0","5167","0"
"GQ033_SHORT_ZH","GQ033","SHORT_ZH","牛在牛舍水槽喝水","2","v2_asset_045","shot_b9e20cfd-850b-595b-8c52-64e490e7f35f","0.169132426381111","0","5167","1"
"GQ033_SHORT_ZH","GQ033","SHORT_ZH","牛在牛舍水槽喝水","3","v2_asset_046","shot_cc3e6d5e-3f85-5529-8d22-f93ff9970d31","0.162161871790886","0","5167","1"
"GQ033_SHORT_ZH","GQ033","SHORT_ZH","牛在牛舍水槽喝水","4","v2_asset_041","shot_7effe8a7-b28d-5724-84b1-3dd7183d6934","0.160470485687256","0","5167","0"
"GQ033_SHORT_ZH","GQ033","SHORT_ZH","牛在牛舍水槽喝水","5","v2_asset_042","shot_a372fbf3-58ce-54cc-992f-a16126eedff1","0.159563660621643","0","5167","0"
"GQ033_VISUAL_ZH","GQ033","VISUAL_ZH","牛在牛舍内的水槽前喝水","1","v2_asset_044","shot_dabf5b72-08e4-5d9e-b136-61ffcc8a3e3e","0.174870535731316","0","5167","0"
"GQ033_VISUAL_ZH","GQ033","VISUAL_ZH","牛在牛舍内的水槽前喝水","2","v2_asset_045","shot_b9e20cfd-850b-595b-8c52-64e490e7f35f","0.162970095872879","0","5167","1"
"GQ033_VISUAL_ZH","GQ033","VISUAL_ZH","牛在牛舍内的水槽前喝水","3","v2_asset_046","shot_cc3e6d5e-3f85-5529-8d22-f93ff9970d31","0.161544278264046","0","5167","1"
"GQ033_VISUAL_ZH","GQ033","VISUAL_ZH","牛在牛舍内的水槽前喝水","4","v2_asset_042","shot_a372fbf3-58ce-54cc-992f-a16126eedff1","0.159629881381989","0","5167","0"
"GQ033_VISUAL_ZH","GQ033","VISUAL_ZH","牛在牛舍内的水槽前喝水","5","v2_asset_041","shot_7effe8a7-b28d-5724-84b1-3dd7183d6934","0.159412607550621","0","5167","0"
"GQ033_VISUAL_EN","GQ033","VISUAL_EN","cattle drinking from a water trough inside a cattle barn","1","v2_asset_046","shot_cc3e6d5e-3f85-5529-8d22-f93ff9970d31","0.150046840310097","0","5167","1"
"GQ033_VISUAL_EN","GQ033","VISUAL_EN","cattle drinking from a water trough inside a cattle barn","2","v2_asset_041","shot_7effe8a7-b28d-5724-84b1-3dd7183d6934","0.143011972308159","0","5167","0"
"GQ033_VISUAL_EN","GQ033","VISUAL_EN","cattle drinking from a water trough inside a cattle barn","3","v2_asset_043","shot_71b2bb15-a7ee-53a8-9b2c-e6efd44aa759","0.129016190767288","0","5167","0"
"GQ033_VISUAL_EN","GQ033","VISUAL_EN","cattle drinking from a water trough inside a cattle barn","4","v2_asset_045","shot_b9e20cfd-850b-595b-8c52-64e490e7f35f","0.128580093383789","0","5167","1"
"GQ033_VISUAL_EN","GQ033","VISUAL_EN","cattle drinking from a water trough inside a cattle barn","5","v2_asset_039","shot_90e60606-697d-5f06-9930-e42d2aaa0a6d","0.124282948672771","0","4458","0"
"GQ034_SHORT_ZH","GQ034","SHORT_ZH","羊在羊舍水盆喝水","1","v2_asset_059","shot_caaa225b-1cd1-53ba-9543-130496340279","0.174062520265579","0","5167","0"
"GQ034_SHORT_ZH","GQ034","SHORT_ZH","羊在羊舍水盆喝水","2","v2_asset_061","shot_07b4a297-ad18-5271-ad9f-ef12c2535fb2","0.170153588056564","0","5167","1"
"GQ034_SHORT_ZH","GQ034","SHORT_ZH","羊在羊舍水盆喝水","3","v2_asset_062","shot_5dd1e777-ea05-5708-9180-884626898d4c","0.152159988880157","0","5167","1"
"GQ034_SHORT_ZH","GQ034","SHORT_ZH","羊在羊舍水盆喝水","4","v2_asset_051","shot_de5919e9-adb2-5922-8316-fd803e9a2584","0.144448161125183","0","5167","0"
"GQ034_SHORT_ZH","GQ034","SHORT_ZH","羊在羊舍水盆喝水","5","v2_asset_044","shot_dabf5b72-08e4-5d9e-b136-61ffcc8a3e3e","0.139075472950935","0","5167","0"
"GQ034_VISUAL_ZH","GQ034","VISUAL_ZH","羊在羊舍内的水盆或水槽前喝水","1","v2_asset_061","shot_07b4a297-ad18-5271-ad9f-ef12c2535fb2","0.173322826623917","0","5167","1"
"GQ034_VISUAL_ZH","GQ034","VISUAL_ZH","羊在羊舍内的水盆或水槽前喝水","2","v2_asset_059","shot_caaa225b-1cd1-53ba-9543-130496340279","0.162320539355278","0","5167","0"
"GQ034_VISUAL_ZH","GQ034","VISUAL_ZH","羊在羊舍内的水盆或水槽前喝水","3","v2_asset_062","shot_5dd1e777-ea05-5708-9180-884626898d4c","0.15042644739151","0","5167","1"
"GQ034_VISUAL_ZH","GQ034","VISUAL_ZH","羊在羊舍内的水盆或水槽前喝水","4","v2_asset_057","shot_639ec7a9-992b-516b-87ff-3ad57e1fb639","0.148545980453491","0","5167","0"
"GQ034_VISUAL_ZH","GQ034","VISUAL_ZH","羊在羊舍内的水盆或水槽前喝水","5","v2_asset_056","shot_e77b7f5b-095f-599e-b0bd-6d5c61d03ca8","0.143536731600761","0","5167","0"
"GQ034_VISUAL_EN","GQ034","VISUAL_EN","sheep drinking from a basin or trough inside a sheep barn","1","v2_asset_061","shot_07b4a297-ad18-5271-ad9f-ef12c2535fb2","0.174511805176735","0","5167","1"
"GQ034_VISUAL_EN","GQ034","VISUAL_EN","sheep drinking from a basin or trough inside a sheep barn","2","v2_asset_057","shot_639ec7a9-992b-516b-87ff-3ad57e1fb639","0.16007587313652","0","5167","0"
"GQ034_VISUAL_EN","GQ034","VISUAL_EN","sheep drinking from a basin or trough inside a sheep barn","3","v2_asset_062","shot_5dd1e777-ea05-5708-9180-884626898d4c","0.150453731417656","0","5167","1"
"GQ034_VISUAL_EN","GQ034","VISUAL_EN","sheep drinking from a basin or trough inside a sheep barn","4","v2_asset_056","shot_e77b7f5b-095f-599e-b0bd-6d5c61d03ca8","0.150233179330826","0","5167","0"
"GQ034_VISUAL_EN","GQ034","VISUAL_EN","sheep drinking from a basin or trough inside a sheep barn","5","v2_asset_052","shot_95e06ae2-ea74-5423-b472-1b76a0792501","0.148354560136795","0","5167","0"
"GQ035_SHORT_ZH","GQ035","SHORT_ZH","户外牧场的牛喝水","1","v2_asset_044","shot_dabf5b72-08e4-5d9e-b136-61ffcc8a3e3e","0.178878962993622","0","5167","1"
"GQ035_SHORT_ZH","GQ035","SHORT_ZH","户外牧场的牛喝水","2","v2_asset_043","shot_71b2bb15-a7ee-53a8-9b2c-e6efd44aa759","0.165625303983688","0","5167","1"
"GQ035_SHORT_ZH","GQ035","SHORT_ZH","户外牧场的牛喝水","3","v2_asset_042","shot_a372fbf3-58ce-54cc-992f-a16126eedff1","0.157830446958542","0","5167","1"
"GQ035_SHORT_ZH","GQ035","SHORT_ZH","户外牧场的牛喝水","4","v2_asset_041","shot_7effe8a7-b28d-5724-84b1-3dd7183d6934","0.157760918140411","0","5167","1"
"GQ035_SHORT_ZH","GQ035","SHORT_ZH","户外牧场的牛喝水","5","v2_asset_045","shot_b9e20cfd-850b-595b-8c52-64e490e7f35f","0.154112637042999","0","5167","0"
"GQ035_VISUAL_ZH","GQ035","VISUAL_ZH","牛在户外牧场的水盆、水桶或水管附近喝水","1","v2_asset_044","shot_dabf5b72-08e4-5d9e-b136-61ffcc8a3e3e","0.182648509740829","0","5167","1"
"GQ035_VISUAL_ZH","GQ035","VISUAL_ZH","牛在户外牧场的水盆、水桶或水管附近喝水","2","v2_asset_043","shot_71b2bb15-a7ee-53a8-9b2c-e6efd44aa759","0.168834835290909","0","5167","1"
"GQ035_VISUAL_ZH","GQ035","VISUAL_ZH","牛在户外牧场的水盆、水桶或水管附近喝水","3","v2_asset_041","shot_7effe8a7-b28d-5724-84b1-3dd7183d6934","0.153444811701775","0","5167","1"
"GQ035_VISUAL_ZH","GQ035","VISUAL_ZH","牛在户外牧场的水盆、水桶或水管附近喝水","4","v2_asset_042","shot_a372fbf3-58ce-54cc-992f-a16126eedff1","0.14907643198967","0","5167","1"
"GQ035_VISUAL_ZH","GQ035","VISUAL_ZH","牛在户外牧场的水盆、水桶或水管附近喝水","5","v2_asset_045","shot_b9e20cfd-850b-595b-8c52-64e490e7f35f","0.14779756963253","0","5167","0"
"GQ035_VISUAL_EN","GQ035","VISUAL_EN","cattle drinking water outdoors in a pasture","1","v2_asset_043","shot_71b2bb15-a7ee-53a8-9b2c-e6efd44aa759","0.151988416910172","0","5167","1"
"GQ035_VISUAL_EN","GQ035","VISUAL_EN","cattle drinking water outdoors in a pasture","2","v2_asset_041","shot_7effe8a7-b28d-5724-84b1-3dd7183d6934","0.137227490544319","0","5167","1"
"GQ035_VISUAL_EN","GQ035","VISUAL_EN","cattle drinking water outdoors in a pasture","3","v2_asset_045","shot_b9e20cfd-850b-595b-8c52-64e490e7f35f","0.127541482448578","0","5167","0"
"GQ035_VISUAL_EN","GQ035","VISUAL_EN","cattle drinking water outdoors in a pasture","4","v2_asset_044","shot_dabf5b72-08e4-5d9e-b136-61ffcc8a3e3e","0.123480223119259","0","5167","1"
"GQ035_VISUAL_EN","GQ035","VISUAL_EN","cattle drinking water outdoors in a pasture","5","v2_asset_042","shot_a372fbf3-58ce-54cc-992f-a16126eedff1","0.121758952736855","0","5167","1"
"GQ036_SHORT_ZH","GQ036","SHORT_ZH","户外牧场的羊吃料","1","v2_asset_051","shot_de5919e9-adb2-5922-8316-fd803e9a2584","0.161334529519081","0","5167","1"
"GQ036_SHORT_ZH","GQ036","SHORT_ZH","户外牧场的羊吃料","2","v2_asset_056","shot_e77b7f5b-095f-599e-b0bd-6d5c61d03ca8","0.153439417481422","0","5167","0"
"GQ036_SHORT_ZH","GQ036","SHORT_ZH","户外牧场的羊吃料","3","v2_asset_059","shot_caaa225b-1cd1-53ba-9543-130496340279","0.149907067418098","0","5167","0"
"GQ036_SHORT_ZH","GQ036","SHORT_ZH","户外牧场的羊吃料","4","v2_asset_055","shot_d09e4937-4992-5cbd-9118-0496bf7ebd1b","0.146645784378052","0","4458","0"
"GQ036_SHORT_ZH","GQ036","SHORT_ZH","户外牧场的羊吃料","5","v2_asset_061","shot_07b4a297-ad18-5271-ad9f-ef12c2535fb2","0.135208427906036","0","5167","0"
"GQ036_VISUAL_ZH","GQ036","VISUAL_ZH","羊在户外牧场的料盆前吃料","1","v2_asset_051","shot_de5919e9-adb2-5922-8316-fd803e9a2584","0.147344470024109","0","5167","1"
"GQ036_VISUAL_ZH","GQ036","VISUAL_ZH","羊在户外牧场的料盆前吃料","2","v2_asset_056","shot_e77b7f5b-095f-599e-b0bd-6d5c61d03ca8","0.145539432764053","0","5167","0"
"GQ036_VISUAL_ZH","GQ036","VISUAL_ZH","羊在户外牧场的料盆前吃料","3","v2_asset_055","shot_d09e4937-4992-5cbd-9118-0496bf7ebd1b","0.141118302941322","0","4458","0"
"GQ036_VISUAL_ZH","GQ036","VISUAL_ZH","羊在户外牧场的料盆前吃料","4","v2_asset_059","shot_caaa225b-1cd1-53ba-9543-130496340279","0.132066920399666","0","5167","0"
"GQ036_VISUAL_ZH","GQ036","VISUAL_ZH","羊在户外牧场的料盆前吃料","5","v2_asset_061","shot_07b4a297-ad18-5271-ad9f-ef12c2535fb2","0.131106853485107","0","5167","0"
"GQ036_VISUAL_EN","GQ036","VISUAL_EN","sheep eating feed outdoors in a pasture","1","v2_asset_051","shot_de5919e9-adb2-5922-8316-fd803e9a2584","0.173367470502853","0","5167","1"
"GQ036_VISUAL_EN","GQ036","VISUAL_EN","sheep eating feed outdoors in a pasture","2","v2_asset_056","shot_e77b7f5b-095f-599e-b0bd-6d5c61d03ca8","0.151503369212151","0","5167","0"
"GQ036_VISUAL_EN","GQ036","VISUAL_EN","sheep eating feed outdoors in a pasture","3","v2_asset_055","shot_d09e4937-4992-5cbd-9118-0496bf7ebd1b","0.146089136600494","0","4458","0"
"GQ036_VISUAL_EN","GQ036","VISUAL_EN","sheep eating feed outdoors in a pasture","4","v2_asset_057","shot_639ec7a9-992b-516b-87ff-3ad57e1fb639","0.133486211299896","0","5167","0"
"GQ036_VISUAL_EN","GQ036","VISUAL_EN","sheep eating feed outdoors in a pasture","5","v2_asset_059","shot_caaa225b-1cd1-53ba-9543-130496340279","0.130745276808739","0","5167","0"
"GQ037_SHORT_ZH","GQ037","SHORT_ZH","羊在长料槽吃料","1","v2_asset_055","shot_d09e4937-4992-5cbd-9118-0496bf7ebd1b","0.161994725465775","0","4458","0"
"GQ037_SHORT_ZH","GQ037","SHORT_ZH","羊在长料槽吃料","2","v2_asset_056","shot_e77b7f5b-095f-599e-b0bd-6d5c61d03ca8","0.160659730434418","0","5167","0"
"GQ037_SHORT_ZH","GQ037","SHORT_ZH","羊在长料槽吃料","3","v2_asset_053","shot_e81ef9f9-f49f-5413-a9a0-a56704b27832","0.159614264965057","0","4042","0"
"GQ037_SHORT_ZH","GQ037","SHORT_ZH","羊在长料槽吃料","4","v2_asset_061","shot_07b4a297-ad18-5271-ad9f-ef12c2535fb2","0.151585549116135","0","5167","0"
"GQ037_SHORT_ZH","GQ037","SHORT_ZH","羊在长料槽吃料","5","v2_asset_051","shot_de5919e9-adb2-5922-8316-fd803e9a2584","0.147146388888359","0","5167","0"
"GQ037_VISUAL_ZH","GQ037","VISUAL_ZH","羊在羊舍的长料槽前吃料","1","v2_asset_056","shot_e77b7f5b-095f-599e-b0bd-6d5c61d03ca8","0.163428336381912","0","5167","0"
"GQ037_VISUAL_ZH","GQ037","VISUAL_ZH","羊在羊舍的长料槽前吃料","2","v2_asset_055","shot_d09e4937-4992-5cbd-9118-0496bf7ebd1b","0.163110166788101","0","4458","0"
"GQ037_VISUAL_ZH","GQ037","VISUAL_ZH","羊在羊舍的长料槽前吃料","3","v2_asset_053","shot_e81ef9f9-f49f-5413-a9a0-a56704b27832","0.157408118247986","0","4042","0"
"GQ037_VISUAL_ZH","GQ037","VISUAL_ZH","羊在羊舍的长料槽前吃料","4","v2_asset_061","shot_07b4a297-ad18-5271-ad9f-ef12c2535fb2","0.147639811038971","0","5167","0"
"GQ037_VISUAL_ZH","GQ037","VISUAL_ZH","羊在羊舍的长料槽前吃料","5","v2_asset_051","shot_de5919e9-adb2-5922-8316-fd803e9a2584","0.147513076663017","0","5167","0"
"GQ037_VISUAL_EN","GQ037","VISUAL_EN","sheep eating from a long feeding trough inside a sheep barn","1","v2_asset_057","shot_639ec7a9-992b-516b-87ff-3ad57e1fb639","0.179420381784439","0","5167","1"
"GQ037_VISUAL_EN","GQ037","VISUAL_EN","sheep eating from a long feeding trough inside a sheep barn","2","v2_asset_053","shot_e81ef9f9-f49f-5413-a9a0-a56704b27832","0.161202281713486","0","4042","0"
"GQ037_VISUAL_EN","GQ037","VISUAL_EN","sheep eating from a long feeding trough inside a sheep barn","3","v2_asset_055","shot_d09e4937-4992-5cbd-9118-0496bf7ebd1b","0.156395927071571","0","4458","0"
"GQ037_VISUAL_EN","GQ037","VISUAL_EN","sheep eating from a long feeding trough inside a sheep barn","4","v2_asset_056","shot_e77b7f5b-095f-599e-b0bd-6d5c61d03ca8","0.156292721629143","0","5167","0"
"GQ037_VISUAL_EN","GQ037","VISUAL_EN","sheep eating from a long feeding trough inside a sheep barn","5","v2_asset_062","shot_5dd1e777-ea05-5708-9180-884626898d4c","0.152157321572304","0","5167","0"
"GQ038_SHORT_ZH","GQ038","SHORT_ZH","牛在长料槽吃料","1","v2_asset_023","shot_ee608a87-6db0-508f-82ad-e98dc842b61c","0.148643404245377","0","1417","0"
"GQ038_SHORT_ZH","GQ038","SHORT_ZH","牛在长料槽吃料","2","v2_asset_005","shot_765f488e-e0d4-500c-8de1-c61a7b26bb54","0.14864307641983","0","4458","0"
"GQ038_SHORT_ZH","GQ038","SHORT_ZH","牛在长料槽吃料","3","v2_asset_040","shot_167c5d2a-7e08-5291-91ad-a4a19c3af5d5","0.146490827202797","0","5167","1"
"GQ038_SHORT_ZH","GQ038","SHORT_ZH","牛在长料槽吃料","4","v2_asset_022","shot_4610429e-fc4f-5dd7-aa1d-beb9fb0360ef","0.146439507603645","0","1583","0"
"GQ038_SHORT_ZH","GQ038","SHORT_ZH","牛在长料槽吃料","5","v2_asset_003","shot_93c15c0d-5940-5da6-855c-211a5dfbd990","0.142463356256485","0","667","0"
"GQ038_VISUAL_ZH","GQ038","VISUAL_ZH","牛在牛舍的长料槽前吃料","1","v2_asset_005","shot_765f488e-e0d4-500c-8de1-c61a7b26bb54","0.160827681422234","0","4458","0"
"GQ038_VISUAL_ZH","GQ038","VISUAL_ZH","牛在牛舍的长料槽前吃料","2","v2_asset_040","shot_167c5d2a-7e08-5291-91ad-a4a19c3af5d5","0.159273207187653","0","5167","1"
"GQ038_VISUAL_ZH","GQ038","VISUAL_ZH","牛在牛舍的长料槽前吃料","3","v2_asset_023","shot_ee608a87-6db0-508f-82ad-e98dc842b61c","0.157796174287796","0","1417","0"
"GQ038_VISUAL_ZH","GQ038","VISUAL_ZH","牛在牛舍的长料槽前吃料","4","v2_asset_022","shot_4610429e-fc4f-5dd7-aa1d-beb9fb0360ef","0.155497342348099","0","1583","0"
"GQ038_VISUAL_ZH","GQ038","VISUAL_ZH","牛在牛舍的长料槽前吃料","5","v2_asset_003","shot_93c15c0d-5940-5da6-855c-211a5dfbd990","0.148912072181702","0","667","0"
"GQ038_VISUAL_EN","GQ038","VISUAL_EN","cattle eating from a long feeding trough inside a cattle barn","1","v2_asset_046","shot_cc3e6d5e-3f85-5529-8d22-f93ff9970d31","0.155127838253975","0","5167","0"
"GQ038_VISUAL_EN","GQ038","VISUAL_EN","cattle eating from a long feeding trough inside a cattle barn","2","v2_asset_039","shot_90e60606-697d-5f06-9930-e42d2aaa0a6d","0.149197280406952","0","4458","1"
"GQ038_VISUAL_EN","GQ038","VISUAL_EN","cattle eating from a long feeding trough inside a cattle barn","3","v2_asset_040","shot_167c5d2a-7e08-5291-91ad-a4a19c3af5d5","0.144991293549538","0","5167","1"
"GQ038_VISUAL_EN","GQ038","VISUAL_EN","cattle eating from a long feeding trough inside a cattle barn","4","v2_asset_036","shot_a392b2ee-cf57-5253-8bff-ad60912480a0","0.128575831651688","0","4458","0"
"GQ038_VISUAL_EN","GQ038","VISUAL_EN","cattle eating from a long feeding trough inside a cattle barn","5","v2_asset_035","shot_139ab1c7-ab26-5960-b7d5-943b8200bdb9","0.128575831651688","0","4458","0"
"GQ039_SHORT_ZH","GQ039","SHORT_ZH","猪在长料槽吃料","1","v2_asset_082","shot_8362ea43-24a9-5f9b-9597-79c0d56d84e2","0.162251114845276","0","5167","1"
"GQ039_SHORT_ZH","GQ039","SHORT_ZH","猪在长料槽吃料","2","v2_asset_055","shot_d09e4937-4992-5cbd-9118-0496bf7ebd1b","0.156432211399078","0","4458","0"
"GQ039_SHORT_ZH","GQ039","SHORT_ZH","猪在长料槽吃料","3","v2_asset_081","shot_1fce866e-1478-5132-8b92-20f1d3d01395","0.152871683239937","0","5167","0"
"GQ039_SHORT_ZH","GQ039","SHORT_ZH","猪在长料槽吃料","4","v2_asset_004","shot_5ccb8d2e-5d7a-5667-8401-ba316562a4f4","0.146641135215759","0","4458","0"
"GQ039_SHORT_ZH","GQ039","SHORT_ZH","猪在长料槽吃料","5","v2_asset_088","shot_880d64c8-e2df-5066-b665-cc04b3daa9ff","0.146193206310272","0","5167","0"
"GQ039_VISUAL_ZH","GQ039","VISUAL_ZH","猪在猪舍的长料槽前吃料","1","v2_asset_082","shot_8362ea43-24a9-5f9b-9597-79c0d56d84e2","0.158389031887054","0","5167","1"
"GQ039_VISUAL_ZH","GQ039","VISUAL_ZH","猪在猪舍的长料槽前吃料","2","v2_asset_090","shot_efb7daa5-d8c8-586b-955a-5219764a467e","0.155254289507866","0","3375","0"
"GQ039_VISUAL_ZH","GQ039","VISUAL_ZH","猪在猪舍的长料槽前吃料","3","v2_asset_004","shot_5ccb8d2e-5d7a-5667-8401-ba316562a4f4","0.155120328068733","0","4458","0"
"GQ039_VISUAL_ZH","GQ039","VISUAL_ZH","猪在猪舍的长料槽前吃料","4","v2_asset_081","shot_1fce866e-1478-5132-8b92-20f1d3d01395","0.154386550188065","0","5167","0"
"GQ039_VISUAL_ZH","GQ039","VISUAL_ZH","猪在猪舍的长料槽前吃料","5","v2_asset_055","shot_d09e4937-4992-5cbd-9118-0496bf7ebd1b","0.152548938989639","0","4458","0"
"GQ039_VISUAL_EN","GQ039","VISUAL_EN","pigs eating from a long feeding trough inside a pig house","1","v2_asset_082","shot_8362ea43-24a9-5f9b-9597-79c0d56d84e2","0.167180150747299","0","5167","1"
"GQ039_VISUAL_EN","GQ039","VISUAL_EN","pigs eating from a long feeding trough inside a pig house","2","v2_asset_088","shot_880d64c8-e2df-5066-b665-cc04b3daa9ff","0.166798040270805","0","5167","0"
"GQ039_VISUAL_EN","GQ039","VISUAL_EN","pigs eating from a long feeding trough inside a pig house","3","v2_asset_090","shot_efb7daa5-d8c8-586b-955a-5219764a467e","0.166167423129082","0","3375","0"
"GQ039_VISUAL_EN","GQ039","VISUAL_EN","pigs eating from a long feeding trough inside a pig house","4","v2_asset_099","shot_cfaa895f-7061-53e8-9b4c-ff1fa900713b","0.165187492966652","0","3375","0"
"GQ039_VISUAL_EN","GQ039","VISUAL_EN","pigs eating from a long feeding trough inside a pig house","5","v2_asset_081","shot_1fce866e-1478-5132-8b92-20f1d3d01395","0.163821965456009","0","5167","0"
"GQ040_SHORT_ZH","GQ040","SHORT_ZH","工作人员给黑猪打疫苗","1","v2_asset_022","shot_4610429e-fc4f-5dd7-aa1d-beb9fb0360ef","0.14573161303997","0","1583","0"
"GQ040_SHORT_ZH","GQ040","SHORT_ZH","工作人员给黑猪打疫苗","2","v2_asset_004","shot_5ccb8d2e-5d7a-5667-8401-ba316562a4f4","0.144170865416527","0","4458","0"
"GQ040_SHORT_ZH","GQ040","SHORT_ZH","工作人员给黑猪打疫苗","3","v2_asset_003","shot_93c15c0d-5940-5da6-855c-211a5dfbd990","0.143267497420311","0","667","0"
"GQ040_SHORT_ZH","GQ040","SHORT_ZH","工作人员给黑猪打疫苗","4","v2_asset_012","shot_8e9b1061-8689-5405-8a06-530aa2bd70bc","0.140720576047897","0","4458","1"
"GQ040_SHORT_ZH","GQ040","SHORT_ZH","工作人员给黑猪打疫苗","5","v2_asset_015","shot_8d4afaee-1604-560e-9c2f-5c7711e0c0d2","0.132119834423065","0","4458","0"
"GQ040_VISUAL_ZH","GQ040","VISUAL_ZH","工作人员在户外猪场给黑猪注射疫苗","1","v2_asset_012","shot_8e9b1061-8689-5405-8a06-530aa2bd70bc","0.164414122700691","0","4458","1"
"GQ040_VISUAL_ZH","GQ040","VISUAL_ZH","工作人员在户外猪场给黑猪注射疫苗","2","v2_asset_004","shot_5ccb8d2e-5d7a-5667-8401-ba316562a4f4","0.161408200860023","0","4458","0"
"GQ040_VISUAL_ZH","GQ040","VISUAL_ZH","工作人员在户外猪场给黑猪注射疫苗","3","v2_asset_015","shot_8d4afaee-1604-560e-9c2f-5c7711e0c0d2","0.156486511230469","0","4458","0"
"GQ040_VISUAL_ZH","GQ040","VISUAL_ZH","工作人员在户外猪场给黑猪注射疫苗","4","v2_asset_016","shot_2d3e2cb2-1d8d-57b3-a9a8-8b6e232ad28f","0.155625849962234","0","4458","0"
"GQ040_VISUAL_ZH","GQ040","VISUAL_ZH","工作人员在户外猪场给黑猪注射疫苗","5","v2_asset_022","shot_4610429e-fc4f-5dd7-aa1d-beb9fb0360ef","0.144890785217285","0","1583","0"
"GQ040_VISUAL_EN","GQ040","VISUAL_EN","a worker vaccinating a black pig outdoors","1","v2_asset_012","shot_8e9b1061-8689-5405-8a06-530aa2bd70bc","0.164471536874771","0","4458","1"
"GQ040_VISUAL_EN","GQ040","VISUAL_EN","a worker vaccinating a black pig outdoors","2","v2_asset_015","shot_8d4afaee-1604-560e-9c2f-5c7711e0c0d2","0.135380417108536","0","4458","0"
"GQ040_VISUAL_EN","GQ040","VISUAL_EN","a worker vaccinating a black pig outdoors","3","v2_asset_016","shot_2d3e2cb2-1d8d-57b3-a9a8-8b6e232ad28f","0.113719336688519","0","4458","0"
"GQ040_VISUAL_EN","GQ040","VISUAL_EN","a worker vaccinating a black pig outdoors","4","v2_asset_013","shot_780c7ce8-7166-5a06-8788-a4169edcc95e","0.0923237204551697","0","4458","0"
"GQ040_VISUAL_EN","GQ040","VISUAL_EN","a worker vaccinating a black pig outdoors","5","v2_asset_084","shot_c66c5bd2-25c8-562e-ac29-3c88c847f8c6","0.0855086594820023","0","5167","0"
