"asset_id","filename","sha256","size_bytes","status","error_code"
"v2_asset_001","_猪圈_室内猪场_泥地_02.mp4","419b61baa5cf6cb768b56e5fa7d4bbe0f3363b5f499a031356637624159d3a5e","5247695","PASS",""
"v2_asset_002","产品_包装展示_户外草地_两袋包装_02.mov","5ab2b4d9cbc04e7ca6a397767e33067ce4728c42d9839a145e7f4954728c2888","3825720","PASS",""
"v2_asset_003","产品_包装展示_猪场_蓝白包装袋_01.mp4","ff2c9038ff021fdcc8b1dd02f7458f8c5806a833e652ca352a5a90dc0872defb","908605","PASS",""
"v2_asset_004","产品_包装展示_猪场_蓝白包装袋_02.mp4","7d1de13253b7b678e670c9e38f828c5914625a42ae99861cc927a2b568962f09","916940","PASS",""
"v2_asset_005","产品_包装展示_猪场_蓝白包装袋_03.mp4","5ca3d6920a4e3ee09963ae332e5389d3fce7c7e374395431e64a32d6a58243dc","1061036","PASS",""
"v2_asset_006","产品_包装展示_猪场_蓝白包装袋_04.mp4","6a0a5a06f7ebc0debd5c6af82f62dd797eb289ace9724b21187984ccf135a241","1462422","PASS",""
"v2_asset_007","产品_手持包装_户外草地_白色饲料袋_01.mov","9283996c9f03737fabf259aad9160026bf51f6c99b8ab32d6b4e24d21012e6af","5176613","PASS",""
"v2_asset_008","产品_手持包装_户外草地_白色饲料袋_02.mov","a7362fd1b36969ccbcf8356ee61b963e555481fc57d610c5f289c837085b1e3d","4203250","PASS",""
"v2_asset_009","产品_手持包装_户外草地_单袋白色包装_04.mov","0b2ecf48ed15f252433863f15df50669632c6a18e5a94328873ad2bab7d8dff2","528484","PASS",""
"v2_asset_010","产品_手持包装_户外草地_两袋白色包装_03.mov","22a56d5b68c5087cc1c37c6580816906ea0e8a7028b9436c30160e74cb94d21c","565300","PASS",""
"v2_asset_011","产品_手持包装_未知背景_银色包装袋_01.mov","4917b0a35d744a9c7f9cc4809551ce44817a4ccd27ced3cee709c0a4b23c44e1","4588492","PASS",""
"v2_asset_012","工作人员_给猪打疫苗_户外猪场_黑猪_02.mp4","04d2c9a92d995945686f16b8eb524f9a91ba49265e1159a686e62c84f9def58c","3419627","PASS",""
"v2_asset_013","工作人员_给猪打疫苗_户外猪场_群体猪_03.mp4","91ac459fc3cccc7770d08d1ea9e95d33e83c939f68bb27bff5cc1709dddf1bac","4509283","PASS",""
"v2_asset_014","工作人员_给猪打疫苗_猪舍_近距离操作_01.mp4","77b1077013d72eea96e92c1e3b191448048313d0101db48f9187e78228a4ad7f","1094204","PASS",""
"v2_asset_015","工作人员_给猪打疫苗_猪舍_近距离操作_04.mp4","ef86f052fa186fd163dc8bc29585b89c255753b4078e199aaf2b2721f5d29c1e","1437795","PASS",""
"v2_asset_016","工作人员_给猪打疫苗_猪舍_近距离注射_05.mp4","e720d1eb0c0940d0a69a328eed244061690fdbf85a6d9185da5422894d304676","1375481","PASS",""
"v2_asset_017","工作人员_讲解_猪舍_蓝色工作服_01.mp4","c9bfef507e7a1717ba887048c5006d351a68f86ef7da90310b83ebae28bfc741","2472376","PASS",""
"v2_asset_018","工作人员_讲解_猪舍_蓝色工作服_02.mp4","5ecf584cfabd46380b260e3307c560d20ff9cdd3f08c7962317076bf2f721857","1310630","PASS",""
"v2_asset_019","工作人员_讲解_猪舍_蓝色工作服_03.mp4","03b8f6c22bad9eebdabcaf86442d317bc87660bca0e8306eebad83d32ab892bb","1206657","PASS",""
"v2_asset_020","工作人员_清理猪圈_户外猪场_人工操作_03.mp4","e08c0e550242fd9e2e392aba492d058f15206aa1c9cb64311e7c7576ebd70f50","5158826","PASS",""
"v2_asset_021","工作人员_清理猪圈_户外猪场_猪舍清理_01.mp4","4ecef7f838c545c228e5b78e454cf384a58901972b1d5808e925df2039b26439","7648310","PASS",""
"v2_asset_022","工作人员_手持产品_猪舍_产品讲解_01.mp4","42ddec650fef41fd85d4093b8325c9e5400d1251d415b04ce6b0ea9fccb2824d","1056798","PASS",""
"v2_asset_023","工作人员_手持产品_猪舍_产品讲解_02.mp4","31fb9c59facdf8f294c04540021bf24d3626cd73d9955a03015211f0efcbc1f9","1926317","PASS",""
"v2_asset_024","工作人员_展示牛群_牛舍_灰色工作服_01.mp4","dcbc209411e272e790e78fa954fe72ab9f33627b60b7e1c511f8cf0cdb1c4e31","1005272","PASS",""
"v2_asset_025","母猪_进食_猪舍料槽_体况过肥_02.mp4","9a2c610d8e8e08c6e5b229497d4775668b04d5f0458f797c531ee393ffb5be9b","10406053","PASS",""
"v2_asset_026","母猪_拒食_猪舍料槽_消化问题_01.mp4","ad699bf413cb88c4c78d1d1925fe919aa2f25d226026404c20cc972883dfa154","8095950","PASS",""
"v2_asset_027","母猪_躺卧休息_清洁猪舍_消化问题_02.mp4","58c8999a67496bc86ac4557f9686a66c5dad67c1e803cbeae89c67a3e1a52504","5496731","PASS",""
"v2_asset_028","母猪_躺卧休息_猪舍_精神低落_01.mp4","2b0173c7f78c8abd38c672c99a8c06cb14d6f871c757038d69ef6c7358e3d093","6953597","PASS",""
"v2_asset_029","母猪_躺卧休息_猪舍_体况过肥_01.mp4","c404e01723f1fbba8d484195ba9a814edd0c98ab8dbbf1147f080243bb25e74c","5341458","PASS",""
"v2_asset_030","母猪_躺卧休息_猪舍_体况偏瘦_03.mp4","0b6602a1b952a5a47871c2aa15f8d6d7d56132f9a7571dccbb447a4086d75244","6303427","PASS",""
"v2_asset_031","母猪_站立_猪舍_体况良好_01.mov","a52f5a23a00886d18f6a6d84df3f0c8bc7a4669442f4a4430611ac6f0fc9a283","3954258","PASS",""
"v2_asset_032","母猪_站立_猪舍_体况偏瘦_01.mov","58e71d15a26068ddfa296c6bc46505abf144dfe15a7a6e2319a2854b7268f024","3894118","PASS",""
"v2_asset_033","母猪_站立_猪舍_体况偏瘦_02.mov","6e3f947913af21e35361028f9be23091e2fc73c60b7c626214e58df25e9686ac","3935786","PASS",""
"v2_asset_034","牛_吃料_户外牧场_草料筐_03.mp4","18f6c715491b91bfd919cb0d9d7962ca2eee088637e6628e403ac031ced4bb09","4677095","PASS",""
"v2_asset_035","牛_吃料_牛舍_料槽_01.mp4","62e51d07a705a1b1014824fd3dbeb6a8a443a65136e57481b9de3360ee596ccd","2061816","PASS",""
"v2_asset_036","牛_吃料_牛舍_料槽_02.mp4","62e51d07a705a1b1014824fd3dbeb6a8a443a65136e57481b9de3360ee596ccd","2061816","PASS",""
"v2_asset_037","牛_吃料_牛舍_料槽_04.mp4","2f1d384dcb7fa15d1808d8b9a0bf9cbad7282a3f2cfbef7fc09911f1586700d5","3927236","PASS",""
"v2_asset_038","牛_吃料_牛舍_料槽_07.mp4","72eddc283963ee5b7d208042187792fdcc4179f15c7f6653eef17d523997b0b1","3095984","PASS",""
"v2_asset_039","牛_吃料_牛舍_长料槽_05.mp4","cb8066f47965ce249172ff3d14623596680f26106e140dcd2859ba1539df82d4","2261754","PASS",""
"v2_asset_040","牛_吃料_牛舍_长料槽_06.mp4","1f88a6cea74bde5b189a066095a91b549e5821f0bdf37107f64426b023512e40","1553063","PASS",""
"v2_asset_041","牛_喝水_户外牧场_水管_02.mp4","bd92cad0afc7d6d52b8aac12878cec154a75152989822068f783963f202ff21b","2807509","PASS",""
"v2_asset_042","牛_喝水_户外牧场_水盆_04.mp4","0ec673d6d69f03be61e4cec2f56eab791878da2d149a36349aca4f23eb48965a","3155641","PASS",""
"v2_asset_043","牛_喝水_户外牧场_水桶_01.mp4","74ea133a1ba1adaced65e10500294f122a4e4945a3902fd3b40593c12c6b1fae","4044827","PASS",""
"v2_asset_044","牛_喝水_户外牧场_水桶_06.mp4","598180d8af664c0816f653cc6d3c9d27d7127a367ef36f310fe938ec0e934da9","1336032","PASS",""
"v2_asset_045","牛_喝水_牛舍_水槽_03.mp4","7a8f40b20a3caa1069b95a0dfd9eacb9a2d7d7699aaf9f487864d8133b1b90a0","3092303","PASS",""
"v2_asset_046","牛_喝水_牛舍_水槽_05.mp4","fb6621eb572a856ed9cad64f314ec51ed6ece2d1251a2741a87c534ded06cb4c","2641247","PASS",""
"v2_asset_047","鸭_活动_户外地面_群体_04.mp4","343fe0cb6647d3e8e1bb7f792a74ab24de347dc7fdfe4b4497c9d8258af02ab0","1575444","PASS",""
"v2_asset_048","鸭_活动_户外地面_双鸭_03.mp4","84446d3ea671b13366fc18bb8902142d6a70c839135d4bbef6d539ca4ca36196","2150491","PASS",""
"v2_asset_049","鸭_活动_鸭舍_金属地面_01.mp4","c0f94ae0cf99b365405dabd1a5f932471b4bd4dbbd9077c408c40ad8d2c559a4","878901","PASS",""
"v2_asset_050","鸭_活动_鸭舍_群体_02.mp4","b23e41df296e8478f932f9812515abb438260ee71b80211702372a3f24292750","3474844","PASS",""
"v2_asset_051","羊_吃料_户外牧场_圆形料盆_07.mp4","4fe0eb61bf83f9a8702eeff890472619535045dd9e844d06d727450a70296a0c","4544384","PASS",""
"v2_asset_052","羊_吃料_室内羊舍_干草地面_06.mp4","5085d898ae65ddd653541e91290c6481974c7f0e318abb5eebe0d8ebfa5ba4aa","2748588","PASS",""
"v2_asset_053","羊_吃料_室内羊舍_银色金属料槽_01.mp4","3177850c3b7d5bb0e11c0dfbe8beeefd315cd1a0f8450e34bdf9cc70c0da1ba8","872977","PASS",""
"v2_asset_054","羊_吃料_羊舍_料槽_04.mp4","b20a6ab1bbc0a34bdde256160ff0cb5fadf5e624070e0253d2aeb82100831966","1959037","PASS",""
"v2_asset_055","羊_吃料_羊舍_圆形料盆_02.mp4","d562471fc4c0fb663b15d1a7cbd36f54644116f9067f259f7014e6c016b64665","1781878","PASS",""
"v2_asset_056","羊_吃料_羊舍_圆形料盆_05.mp4","1534b6fd0d54fb78f3327a882eff9fd21cee66ccc3a102fc73f15a87f1d66d8c","2353066","PASS",""
"v2_asset_057","羊_吃料_羊舍_长料槽_03.mp4","865a8e91659fb03f79296243e53731a36ff9ffad5c906cdb9fc55e9196efb117","1434871","PASS",""
"v2_asset_058","羊_喝水_户外牧场_水桶_05.mp4","0d4964d104de7065bd1171bff19ac6d37abf023980231f8ef4169d0c7e8a8187","1470219","PASS",""
"v2_asset_059","羊_喝水_户外牧场_长水槽_02.mp4","3bd2a9293e1eee604596151717847fbbea70345779b2f70c9e4e395f6d58ea91","4929352","PASS",""
"v2_asset_060","羊_喝水_羊舍_饮水盆_01.mp4","f638c6a4dda5d8eb1ffdc135e8817df2ac62edd2b76152f852756c913f47d56a","3729337","PASS",""
"v2_asset_061","羊_喝水_羊舍_圆形水盆_03.mp4","b3c28ae7791fdd303d6b17e042d0866178ad8cb3e20e9d9dcdd86fee9e5da778","2031185","PASS",""
"v2_asset_062","羊_喝水_羊舍_长水槽_04.mp4","08cf9e3fee0b3a33676495d300eb6b89759f74e0eda700a5d073b3f0c96d434a","3871115","PASS",""
"v2_asset_063","羊羔_活动_羊舍_群体幼羊_01.mp4","562faf1870ab85313329be1c7ed21c77f300a8d3f0fd353c7b4ea9fb3dd1ed82","1553490","PASS",""
"v2_asset_064","育肥猪_活动_猪舍_体况偏瘦_01.mov","195587b99cbeaf0e7f9776b98406ea592884dc4b7654286296003c12c26bfbad","3994147","PASS",""
"v2_asset_065","仔猪_吃奶_产房限位栏_黄色稀粪_01.mp4","b2861a8898012816a0b4722648f7138284e722a91053556d0524cb09920e2786","760468","PASS",""
"v2_asset_066","仔猪_吃奶_母猪身旁_产床_01.mp4","56881cf76fa5c6eff95bce17d131e8e2e720603ebf95f4de89aa6955110acfe4","4690134","PASS",""
"v2_asset_067","仔猪_吃奶_母猪身旁_产床_02.mp4","7b0900608cfb9826e8fff884a4863bd90a887cc86cf648042261bbabdc868af7","1761744","PASS",""
"v2_asset_068","仔猪_吃奶_母猪身旁_产床_03.mp4","c3c0cff97a991d04a28b9cc1764cb8c81521b1ff25f765dbf88a25cb6ca527fa","2697721","PASS",""
"v2_asset_069","仔猪_吃奶_母猪身旁_产床_04.mp4","584cb61f59dafb1f4bce6627e9e0c4165db8b92847bb9eeefdc85bdb4eb2bff6","1511669","PASS",""
"v2_asset_070","仔猪_吃奶_母猪身旁_产床_05.mp4","26e39bf0a59e9f05a8a28213459be183aecd9e9f72159686a9964f458b359a7f","1904150","PASS",""
"v2_asset_071","仔猪_吃奶_母猪身旁_产床_06.mp4","cfde2ddc642342e22d66f05975d2788019d54b9ea2cbacabe5e3c17d92eed1d0","1742869","PASS",""
"v2_asset_072","仔猪_活动_产房_栏位内_01.mp4","cbca8e60434b950aeed89916137f76ca37c88382315cce06a4ae1daf63519ba9","2324836","PASS",""
"v2_asset_073","仔猪_活动_户外草地_群体_06.mp4","15c76e78f6ec84e9554f67041be4a74a45cda6af41af74bdc2aef070158f4929","5755386","PASS",""
"v2_asset_074","仔猪_活动_户外猪舍_群体_04.mp4","e20e522b07eb28205820383e492607339eb4b6ff8000fe2b06dd03f89d3b8fd6","4789451","PASS",""
"v2_asset_075","仔猪_活动_猪舍_背部特写_01.mp4","9e105efca861c4133a4792f7704de88ca09b81b238cbd51c17d854a7d4e11798","2079160","PASS",""
"v2_asset_076","仔猪_活动_猪舍_漏缝地板_05.mp4","2f32f817f925dd501b36391529575058a81100084d7fcf5a3e2d32e5b1a5a973","1502807","PASS",""
"v2_asset_077","仔猪_活动_猪舍_群体栏位_03.mp4","4b9f4ab0aa6fd12633eda4c55df6dfa3b0927799957702ce573d3e03c2db9ecb","2465039","PASS",""
"v2_asset_078","猪_吃料_户外猪场_饲料盆_01.mp4","df3122a8d6baa1943d9ffd2aac1ee3c75a97260da203c5a7f3a1d8f8c91c796c","3068909","PASS",""
"v2_asset_079","猪_吃料_户外猪场_饲料盆_03.mp4","10376ffedbc4b770d1604ccec390d82651a2487cb335e71671b15767390dd6bd","1986482","PASS",""
"v2_asset_080","猪_吃料_户外猪场_饲料盆_04.mp4","680efd54fbfab130195f3af0096883a422a61351360cd8f9505072829677ecab","2781674","PASS",""
"v2_asset_081","猪_吃料_猪舍_黄色料槽_05.mp4","5396225e5478e7074c3c583e5eb0835fec74527405cb1196db35a45f41f5925e","4019897","PASS",""
"v2_asset_082","猪_吃料_猪舍_长料槽_02.mp4","ce69be85ea512082091ef7ee3d2bdf3dbeefdb61c1fa9836e0df21766cb01631","2757228","PASS",""
"v2_asset_083","猪_吃料_猪舍_长料槽_06.mp4","9f8b5fe02e216c6a46cb1e8c0a3ad41210b2951dc6fe4ff61795f73fac2b574e","1756133","PASS",""
"v2_asset_084","猪_喝水_户外猪场_泥水坑_02.mp4","3a9c8026c5b83cd27ed9fa3ca0a72c21ac9f32312766a32267a57f392552162e","5549697","PASS",""
"v2_asset_085","猪_喝水_户外猪场_水槽_05.mp4","849108e0405be6c181f268bbcef4adc644e96843bb0bdcf8e24c2c43d5119e41","3757625","PASS",""
"v2_asset_086","猪_喝水_猪舍_饮水槽_01.mp4","2ef81129d58d0ce1f765ff5763df0694dc9421d008f74a2b2a0efcae16ac89d2","1582040","PASS",""
"v2_asset_087","猪_喝水_猪舍_饮水槽_03.mp4","5e38ba619e76e91c689aaf7c648ed067efa831505d660e087cd5fb543219c0ca","1844173","PASS",""
"v2_asset_088","猪_喝水_猪舍_饮水槽_06.mp4","22194dca171afab935742bf4133ad0c6f9bd7b48bee1a431e50d72db30a3d922","1922852","PASS",""
"v2_asset_089","猪_喝水_猪舍_自动饮水器_04.mp4","044644c851f02b6c61c89e8deff292040de196a05fd76e90d648fba58cdeac1f","1340468","PASS",""
"v2_asset_090","猪_活动_明亮猪舍_采光管理_01.mp4","fe3b3841035dd2dbb6773f7c7a12db01a03daf4978b4d85f441d1818ef6044fc","8995286","PASS",""
"v2_asset_091","猪_活动_猪舍_风机_01.mp4","8b7f0a2de0dc9ecfbb83851f02d00d373aecd6f32abdaec6d2c0ada7b443f7cf","12543873","PASS",""
"v2_asset_092","猪_活动_猪舍_环境控制屏_01.mp4","062385e5c1b577e9a2d80bafe19c42237c85b3747bceb7b9a61fb7ec38aa96ba","6991945","PASS",""
"v2_asset_093","猪_活动_猪舍_体型对比_01.mov","8efbe730ce792fc8c4a89de24ccb619ae08561b2fb23f7d43adf5217ee803036","3892463","PASS",""
"v2_asset_094","猪_活动_猪舍_体型对比_02.mov","82f58e3d175ac275560add6d740745140f7db38cfcb9e4ad18db85cccc7c96f7","3990863","PASS",""
"v2_asset_095","猪_进食_猪舍_近距离侧脸_01.mp4","804eef2a280dd26145545ae18f6f94cacfaa9fff06f477b25ba1af43b8ac2a00","2853028","PASS",""
"v2_asset_096","猪_躺卧_猪舍_皮肤观察_01.mp4","2fb196c8e1b7bc41ba7d95d1a561c3cb47eb847e630eff31f66fddc091a4ece9","3243904","PASS",""
"v2_asset_097","猪_躺卧休息_猪舍_精神低落_01.mp4","1ce21aedce4dc909e97308197af70d595c9ecfd780eea4b5ffede928966b1d1a","9473057","PASS",""
"v2_asset_098","猪_躺卧休息_猪舍_群体低能量_02.mp4","837bf1fbf978e63142bba4f756417abf1c01e81ef36377b5b0ef38760897546f","12606950","PASS",""
"v2_asset_099","猪_休息_猪舍_光线昏暗_01.mp4","6fb40843a9795b7c93a28f49b762ea257a585eec037c2b0ddfd88fbe1171f2c9","5947869","PASS",""
"v2_asset_100","猪舍_空栏展示_猪舍_清洁栏位_01.mp4","899591f90c8a7a50f1e88eedecc6798fc65459892446c3dd505a86ee80ac95b2","14132376","PASS",""
